level_m,plan_area_m2
-1.000000,11500000.000000
-0.500000,11500000.000000
0.000000,11500000.000000
0.500000,12700000.000000
1.000000,13900000.000000
1.500000,15100000.000000
2.000000,16300000.000000
2.500000,17500000.000000
3.000000,18700000.000000
3.500000,19900000.000000
4.000000,21100000.000000
4.500000,22300000.000000
5.000000,23500000.000000
5.500000,24700000.000000
6.000000,25900000.000000
6.500000,27300000.000000
7.000000,28700000.000000
7.500000,30100000.000000
8.000000,31500000.000000
8.500000,32900000.000000
9.000000,34300000.000000
9.500000,35700000.000000
10.000000,37100000.000000
10.500000,38500000.000000
11.000000,39900000.000000
11.500000,41300000.000000
12.000000,42700000.000000
