time_utc,sea_level_m
2022-04-03T00:00:00Z,1.534556
2022-04-03T00:10:00Z,1.412637
2022-04-03T00:20:00Z,1.320995
2022-04-03T00:30:00Z,1.260198
2022-04-03T00:40:00Z,1.230591
2022-04-03T00:50:00Z,1.232291
2022-04-03T01:00:00Z,1.265186
2022-04-03T01:10:00Z,1.328937
2022-04-03T01:20:00Z,1.422979
2022-04-03T01:30:00Z,1.546531
2022-04-03T01:40:00Z,1.698592
2022-04-03T01:50:00Z,1.877959
2022-04-03T02:00:00Z,2.083227
2022-04-03T02:10:00Z,2.312804
2022-04-03T02:20:00Z,2.564925
2022-04-03T02:30:00Z,2.837657
2022-04-03T02:40:00Z,3.128922
2022-04-03T02:50:00Z,3.436507
2022-04-03T03:00:00Z,3.758079
2022-04-03T03:10:00Z,4.091209
2022-04-03T03:20:00Z,4.433382
2022-04-03T03:30:00Z,4.782019
2022-04-03T03:40:00Z,5.134496
2022-04-03T03:50:00Z,5.488163
2022-04-03T04:00:00Z,5.840362
2022-04-03T04:10:00Z,6.188447
2022-04-03T04:20:00Z,6.529804
2022-04-03T04:30:00Z,6.861871
2022-04-03T04:40:00Z,7.182152
2022-04-03T04:50:00Z,7.488241
2022-04-03T05:00:00Z,7.777837
2022-04-03T05:10:00Z,8.048760
2022-04-03T05:20:00Z,8.298967
2022-04-03T05:30:00Z,8.526568
2022-04-03T05:40:00Z,8.729840
2022-04-03T05:50:00Z,8.907239
2022-04-03T06:00:00Z,9.057409
2022-04-03T06:10:00Z,9.179196
2022-04-03T06:20:00Z,9.271654
2022-04-03T06:30:00Z,9.334052
2022-04-03T06:40:00Z,9.365881
2022-04-03T06:50:00Z,9.366854
2022-04-03T07:00:00Z,9.336913
2022-04-03T07:10:00Z,9.276226
2022-04-03T07:20:00Z,9.185187
2022-04-03T07:30:00Z,9.064413
2022-04-03T07:40:00Z,8.914741
2022-04-03T07:50:00Z,8.737219
2022-04-03T08:00:00Z,8.533102
2022-04-03T08:10:00Z,8.303838
2022-04-03T08:20:00Z,8.051065
2022-04-03T08:30:00Z,7.776592
2022-04-03T08:40:00Z,7.482389
2022-04-03T08:50:00Z,7.170574
2022-04-03T09:00:00Z,6.843394
2022-04-03T09:10:00Z,6.503215
2022-04-03T09:20:00Z,6.152497
2022-04-03T09:30:00Z,5.793782
2022-04-03T09:40:00Z,5.429675
2022-04-03T09:50:00Z,5.062821
2022-04-03T10:00:00Z,4.695892
2022-04-03T10:10:00Z,4.331562
2022-04-03T10:20:00Z,3.972493
2022-04-03T10:30:00Z,3.621311
2022-04-03T10:40:00Z,3.280588
2022-04-03T10:50:00Z,2.952828
2022-04-03T11:00:00Z,2.640442
2022-04-03T11:10:00Z,2.345736
2022-04-03T11:20:00Z,2.070889
2022-04-03T11:30:00Z,1.817944
2022-04-03T11:40:00Z,1.588788
2022-04-03T11:50:00Z,1.385138
2022-04-03T12:00:00Z,1.208534
2022-04-03T12:10:00Z,1.060322
2022-04-03T12:20:00Z,0.941645
2022-04-03T12:30:00Z,0.853439
2022-04-03T12:40:00Z,0.796422
2022-04-03T12:50:00Z,0.771090
2022-04-03T13:00:00Z,0.777712
2022-04-03T13:10:00Z,0.816331
2022-04-03T13:20:00Z,0.886761
2022-04-03T13:30:00Z,0.988590
2022-04-03T13:40:00Z,1.121180
2022-04-03T13:50:00Z,1.283676
2022-04-03T14:00:00Z,1.475007
2022-04-03T14:10:00Z,1.693897
2022-04-03T14:20:00Z,1.938873
2022-04-03T14:30:00Z,2.208276
2022-04-03T14:40:00Z,2.500273
2022-04-03T14:50:00Z,2.812867
2022-04-03T15:00:00Z,3.143916
2022-04-03T15:10:00Z,3.491146
2022-04-03T15:20:00Z,3.852165
2022-04-03T15:30:00Z,4.224485
2022-04-03T15:40:00Z,4.605536
2022-04-03T15:50:00Z,4.992685
2022-04-03T16:00:00Z,5.383255
2022-04-03T16:10:00Z,5.774545
2022-04-03T16:20:00Z,6.163848
2022-04-03T16:30:00Z,6.548472
2022-04-03T16:40:00Z,6.925757
2022-04-03T16:50:00Z,7.293094
2022-04-03T17:00:00Z,7.647947
2022-04-03T17:10:00Z,7.987867
2022-04-03T17:20:00Z,8.310512
2022-04-03T17:30:00Z,8.613661
2022-04-03T17:40:00Z,8.895233
2022-04-03T17:50:00Z,9.153300
2022-04-03T18:00:00Z,9.386101
2022-04-03T18:10:00Z,9.592054
2022-04-03T18:20:00Z,9.769766
2022-04-03T18:30:00Z,9.918048
2022-04-03T18:40:00Z,10.035917
2022-04-03T18:50:00Z,10.122604
2022-04-03T19:00:00Z,10.177565
2022-04-03T19:10:00Z,10.200477
2022-04-03T19:20:00Z,10.191246
2022-04-03T19:30:00Z,10.150002
2022-04-03T19:40:00Z,10.077104
2022-04-03T19:50:00Z,9.973132
2022-04-03T20:00:00Z,9.838887
2022-04-03T20:10:00Z,9.675381
2022-04-03T20:20:00Z,9.483831
2022-04-03T20:30:00Z,9.265652
2022-04-03T20:40:00Z,9.022445
2022-04-03T20:50:00Z,8.755984
2022-04-03T21:00:00Z,8.468206
2022-04-03T21:10:00Z,8.161194
2022-04-03T21:20:00Z,7.837167
2022-04-03T21:30:00Z,7.498455
2022-04-03T21:40:00Z,7.147493
2022-04-03T21:50:00Z,6.786793
2022-04-03T22:00:00Z,6.418936
2022-04-03T22:10:00Z,6.046544
2022-04-03T22:20:00Z,5.672268
2022-04-03T22:30:00Z,5.298766
2022-04-03T22:40:00Z,4.928684
2022-04-03T22:50:00Z,4.564638
2022-04-03T23:00:00Z,4.209193
2022-04-03T23:10:00Z,3.864849
2022-04-03T23:20:00Z,3.534019
2022-04-03T23:30:00Z,3.219012
2022-04-03T23:40:00Z,2.922021
2022-04-03T23:50:00Z,2.645102
2022-04-04T00:00:00Z,2.390163
2022-04-04T00:10:00Z,2.158946
2022-04-04T00:20:00Z,1.953022
2022-04-04T00:30:00Z,1.773774
2022-04-04T00:40:00Z,1.622389
2022-04-04T00:50:00Z,1.499849
2022-04-04T01:00:00Z,1.406928
2022-04-04T01:10:00Z,1.344180
2022-04-04T01:20:00Z,1.311941
2022-04-04T01:30:00Z,1.310327
2022-04-04T01:40:00Z,1.339227
2022-04-04T01:50:00Z,1.398314
2022-04-04T02:00:00Z,1.487037
2022-04-04T02:10:00Z,1.604634
2022-04-04T02:20:00Z,1.750134
2022-04-04T02:30:00Z,1.922365
2022-04-04T02:40:00Z,2.119960
2022-04-04T02:50:00Z,2.341373
2022-04-04T03:00:00Z,2.584885
2022-04-04T03:10:00Z,2.848621
2022-04-04T03:20:00Z,3.130558
2022-04-04T03:30:00Z,3.428547
2022-04-04T03:40:00Z,3.740323
2022-04-04T03:50:00Z,4.063525
2022-04-04T04:00:00Z,4.395711
2022-04-04T04:10:00Z,4.734378
2022-04-04T04:20:00Z,5.076979
2022-04-04T04:30:00Z,5.420940
2022-04-04T04:40:00Z,5.763682
2022-04-04T04:50:00Z,6.102638
2022-04-04T05:00:00Z,6.435270
2022-04-04T05:10:00Z,6.759092
2022-04-04T05:20:00Z,7.071683
2022-04-04T05:30:00Z,7.370707
2022-04-04T05:40:00Z,7.653930
2022-04-04T05:50:00Z,7.919236
2022-04-04T06:00:00Z,8.164641
2022-04-04T06:10:00Z,8.388310
2022-04-04T06:20:00Z,8.588567
2022-04-04T06:30:00Z,8.763909
2022-04-04T06:40:00Z,8.913019
2022-04-04T06:50:00Z,9.034768
2022-04-04T07:00:00Z,9.128233
2022-04-04T07:10:00Z,9.192696
2022-04-04T07:20:00Z,9.227652
2022-04-04T07:30:00Z,9.232814
2022-04-04T07:40:00Z,9.208110
2022-04-04T07:50:00Z,9.153691
2022-04-04T08:00:00Z,9.069922
2022-04-04T08:10:00Z,8.957386
2022-04-04T08:20:00Z,8.816874
2022-04-04T08:30:00Z,8.649384
2022-04-04T08:40:00Z,8.456110
2022-04-04T08:50:00Z,8.238435
2022-04-04T09:00:00Z,7.997921
2022-04-04T09:10:00Z,7.736300
2022-04-04T09:20:00Z,7.455454
2022-04-04T09:30:00Z,7.157411
2022-04-04T09:40:00Z,6.844324
2022-04-04T09:50:00Z,6.518455
2022-04-04T10:00:00Z,6.182163
2022-04-04T10:10:00Z,5.837885
2022-04-04T10:20:00Z,5.488117
2022-04-04T10:30:00Z,5.135397
2022-04-04T10:40:00Z,4.782287
2022-04-04T10:50:00Z,4.431355
2022-04-04T11:00:00Z,4.085155
2022-04-04T11:10:00Z,3.746209
2022-04-04T11:20:00Z,3.416990
2022-04-04T11:30:00Z,3.099903
2022-04-04T11:40:00Z,2.797269
2022-04-04T11:50:00Z,2.511306
2022-04-04T12:00:00Z,2.244115
2022-04-04T12:10:00Z,1.997666
2022-04-04T12:20:00Z,1.773779
2022-04-04T12:30:00Z,1.574118
2022-04-04T12:40:00Z,1.400172
2022-04-04T12:50:00Z,1.253249
2022-04-04T13:00:00Z,1.134465
2022-04-04T13:10:00Z,1.044737
2022-04-04T13:20:00Z,0.984774
2022-04-04T13:30:00Z,0.955075
2022-04-04T13:40:00Z,0.955924
2022-04-04T13:50:00Z,0.987386
2022-04-04T14:00:00Z,1.049312
2022-04-04T14:10:00Z,1.141334
2022-04-04T14:20:00Z,1.262870
2022-04-04T14:30:00Z,1.413132
2022-04-04T14:40:00Z,1.591124
2022-04-04T14:50:00Z,1.795655
2022-04-04T15:00:00Z,2.025347
2022-04-04T15:10:00Z,2.278642
2022-04-04T15:20:00Z,2.553816
2022-04-04T15:30:00Z,2.848990
2022-04-04T15:40:00Z,3.162142
2022-04-04T15:50:00Z,3.491125
2022-04-04T16:00:00Z,3.833680
2022-04-04T16:10:00Z,4.187453
2022-04-04T16:20:00Z,4.550009
2022-04-04T16:30:00Z,4.918854
2022-04-04T16:40:00Z,5.291449
2022-04-04T16:50:00Z,5.665230
2022-04-04T17:00:00Z,6.037625
2022-04-04T17:10:00Z,6.406075
2022-04-04T17:20:00Z,6.768046
2022-04-04T17:30:00Z,7.121054
2022-04-04T17:40:00Z,7.462680
2022-04-04T17:50:00Z,7.790585
2022-04-04T18:00:00Z,8.102527
2022-04-04T18:10:00Z,8.396382
2022-04-04T18:20:00Z,8.670150
2022-04-04T18:30:00Z,8.921978
2022-04-04T18:40:00Z,9.150167
2022-04-04T18:50:00Z,9.353186
2022-04-04T19:00:00Z,9.529682
2022-04-04T19:10:00Z,9.678491
2022-04-04T19:20:00Z,9.798643
2022-04-04T19:30:00Z,9.889373
2022-04-04T19:40:00Z,9.950120
2022-04-04T19:50:00Z,9.980538
2022-04-04T20:00:00Z,9.980492
2022-04-04T20:10:00Z,9.950061
2022-04-04T20:20:00Z,9.889539
2022-04-04T20:30:00Z,9.799429
2022-04-04T20:40:00Z,9.680442
2022-04-04T20:50:00Z,9.533489
2022-04-04T21:00:00Z,9.359677
2022-04-04T21:10:00Z,9.160299
2022-04-04T21:20:00Z,8.936824
2022-04-04T21:30:00Z,8.690889
2022-04-04T21:40:00Z,8.424284
2022-04-04T21:50:00Z,8.138941
2022-04-04T22:00:00Z,7.836918
2022-04-04T22:10:00Z,7.520386
2022-04-04T22:20:00Z,7.191614
2022-04-04T22:30:00Z,6.852950
2022-04-04T22:40:00Z,6.506806
2022-04-04T22:50:00Z,6.155639
2022-04-04T23:00:00Z,5.801936
2022-04-04T23:10:00Z,5.448194
2022-04-04T23:20:00Z,5.096905
2022-04-04T23:30:00Z,4.750533
2022-04-04T23:40:00Z,4.411502
2022-04-04T23:50:00Z,4.082176
2022-04-05T00:00:00Z,3.764842
2022-04-05T00:10:00Z,3.461697
2022-04-05T00:20:00Z,3.174826
2022-04-05T00:30:00Z,2.906195
2022-04-05T00:40:00Z,2.657631
2022-04-05T00:50:00Z,2.430815
2022-04-05T01:00:00Z,2.227264
2022-04-05T01:10:00Z,2.048326
2022-04-05T01:20:00Z,1.895165
2022-04-05T01:30:00Z,1.768761
2022-04-05T01:40:00Z,1.669895
2022-04-05T01:50:00Z,1.599148
2022-04-05T02:00:00Z,1.556900
2022-04-05T02:10:00Z,1.543320
2022-04-05T02:20:00Z,1.558373
2022-04-05T02:30:00Z,1.601817
2022-04-05T02:40:00Z,1.673205
2022-04-05T02:50:00Z,1.771889
2022-04-05T03:00:00Z,1.897025
2022-04-05T03:10:00Z,2.047582
2022-04-05T03:20:00Z,2.222346
2022-04-05T03:30:00Z,2.419931
2022-04-05T03:40:00Z,2.638789
2022-04-05T03:50:00Z,2.877223
2022-04-05T04:00:00Z,3.133395
2022-04-05T04:10:00Z,3.405345
2022-04-05T04:20:00Z,3.691004
2022-04-05T04:30:00Z,3.988205
2022-04-05T04:40:00Z,4.294704
2022-04-05T04:50:00Z,4.608195
2022-04-05T05:00:00Z,4.926323
2022-04-05T05:10:00Z,5.246708
2022-04-05T05:20:00Z,5.566956
2022-04-05T05:30:00Z,5.884679
2022-04-05T05:40:00Z,6.197512
2022-04-05T05:50:00Z,6.503130
2022-04-05T06:00:00Z,6.799265
2022-04-05T06:10:00Z,7.083722
2022-04-05T06:20:00Z,7.354395
2022-04-05T06:30:00Z,7.609281
2022-04-05T06:40:00Z,7.846496
2022-04-05T06:50:00Z,8.064287
2022-04-05T07:00:00Z,8.261046
2022-04-05T07:10:00Z,8.435320
2022-04-05T07:20:00Z,8.585821
2022-04-05T07:30:00Z,8.711439
2022-04-05T07:40:00Z,8.811243
2022-04-05T07:50:00Z,8.884494
2022-04-05T08:00:00Z,8.930646
2022-04-05T08:10:00Z,8.949352
2022-04-05T08:20:00Z,8.940464
2022-04-05T08:30:00Z,8.904038
2022-04-05T08:40:00Z,8.840327
2022-04-05T08:50:00Z,8.749786
2022-04-05T09:00:00Z,8.633064
2022-04-05T09:10:00Z,8.490999
2022-04-05T09:20:00Z,8.324616
2022-04-05T09:30:00Z,8.135114
2022-04-05T09:40:00Z,7.923860
2022-04-05T09:50:00Z,7.692381
2022-04-05T10:00:00Z,7.442349
2022-04-05T10:10:00Z,7.175571
2022-04-05T10:20:00Z,6.893975
2022-04-05T10:30:00Z,6.599597
2022-04-05T10:40:00Z,6.294566
2022-04-05T10:50:00Z,5.981088
2022-04-05T11:00:00Z,5.661430
2022-04-05T11:10:00Z,5.337907
2022-04-05T11:20:00Z,5.012859
2022-04-05T11:30:00Z,4.688640
2022-04-05T11:40:00Z,4.367599
2022-04-05T11:50:00Z,4.052062
2022-04-05T12:00:00Z,3.744318
2022-04-05T12:10:00Z,3.446599
2022-04-05T12:20:00Z,3.161068
2022-04-05T12:30:00Z,2.889801
2022-04-05T12:40:00Z,2.634773
2022-04-05T12:50:00Z,2.397845
2022-04-05T13:00:00Z,2.180748
2022-04-05T13:10:00Z,1.985073
2022-04-05T13:20:00Z,1.812260
2022-04-05T13:30:00Z,1.663587
2022-04-05T13:40:00Z,1.540158
2022-04-05T13:50:00Z,1.442903
2022-04-05T14:00:00Z,1.372563
2022-04-05T14:10:00Z,1.329690
2022-04-05T14:20:00Z,1.314642
2022-04-05T14:30:00Z,1.327579
2022-04-05T14:40:00Z,1.368465
2022-04-05T14:50:00Z,1.437065
2022-04-05T15:00:00Z,1.532951
2022-04-05T15:10:00Z,1.655499
2022-04-05T15:20:00Z,1.803900
2022-04-05T15:30:00Z,1.977163
2022-04-05T15:40:00Z,2.174122
2022-04-05T15:50:00Z,2.393443
2022-04-05T16:00:00Z,2.633637
2022-04-05T16:10:00Z,2.893070
2022-04-05T16:20:00Z,3.169970
2022-04-05T16:30:00Z,3.462447
2022-04-05T16:40:00Z,3.768501
2022-04-05T16:50:00Z,4.086037
2022-04-05T17:00:00Z,4.412883
2022-04-05T17:10:00Z,4.746801
2022-04-05T17:20:00Z,5.085507
2022-04-05T17:30:00Z,5.426684
2022-04-05T17:40:00Z,5.768000
2022-04-05T17:50:00Z,6.107124
2022-04-05T18:00:00Z,6.441744
2022-04-05T18:10:00Z,6.769578
2022-04-05T18:20:00Z,7.088398
2022-04-05T18:30:00Z,7.396038
2022-04-05T18:40:00Z,7.690416
2022-04-05T18:50:00Z,7.969540
2022-04-05T19:00:00Z,8.231533
2022-04-05T19:10:00Z,8.474635
2022-04-05T19:20:00Z,8.697222
2022-04-05T19:30:00Z,8.897816
2022-04-05T19:40:00Z,9.075094
2022-04-05T19:50:00Z,9.227897
2022-04-05T20:00:00Z,9.355239
2022-04-05T20:10:00Z,9.456313
2022-04-05T20:20:00Z,9.530494
2022-04-05T20:30:00Z,9.577350
2022-04-05T20:40:00Z,9.596635
2022-04-05T20:50:00Z,9.588300
2022-04-05T21:00:00Z,9.552484
2022-04-05T21:10:00Z,9.489521
2022-04-05T21:20:00Z,9.399929
2022-04-05T21:30:00Z,9.284414
2022-04-05T21:40:00Z,9.143858
2022-04-05T21:50:00Z,8.979317
2022-04-05T22:00:00Z,8.792009
2022-04-05T22:10:00Z,8.583310
2022-04-05T22:20:00Z,8.354740
2022-04-05T22:30:00Z,8.107954
2022-04-05T22:40:00Z,7.844726
2022-04-05T22:50:00Z,7.566945
2022-04-05T23:00:00Z,7.276590
2022-04-05T23:10:00Z,6.975727
2022-04-05T23:20:00Z,6.666485
2022-04-05T23:30:00Z,6.351046
2022-04-05T23:40:00Z,6.031628
2022-04-05T23:50:00Z,5.710470
2022-04-06T00:00:00Z,5.389815
2022-04-06T00:10:00Z,5.071895
2022-04-06T00:20:00Z,4.758914
2022-04-06T00:30:00Z,4.453034
2022-04-06T00:40:00Z,4.156359
2022-04-06T00:50:00Z,3.870921
2022-04-06T01:00:00Z,3.598664
2022-04-06T01:10:00Z,3.341434
2022-04-06T01:20:00Z,3.100962
2022-04-06T01:30:00Z,2.878855
2022-04-06T01:40:00Z,2.676583
2022-04-06T01:50:00Z,2.495472
2022-04-06T02:00:00Z,2.336689
2022-04-06T02:10:00Z,2.201243
2022-04-06T02:20:00Z,2.089969
2022-04-06T02:30:00Z,2.003530
2022-04-06T02:40:00Z,1.942407
2022-04-06T02:50:00Z,1.906902
2022-04-06T03:00:00Z,1.897131
2022-04-06T03:10:00Z,1.913025
2022-04-06T03:20:00Z,1.954334
2022-04-06T03:30:00Z,2.020626
2022-04-06T03:40:00Z,2.111291
2022-04-06T03:50:00Z,2.225548
2022-04-06T04:00:00Z,2.362449
2022-04-06T04:10:00Z,2.520885
2022-04-06T04:20:00Z,2.699599
2022-04-06T04:30:00Z,2.897191
2022-04-06T04:40:00Z,3.112130
2022-04-06T04:50:00Z,3.342765
2022-04-06T05:00:00Z,3.587337
2022-04-06T05:10:00Z,3.843993
2022-04-06T05:20:00Z,4.110797
2022-04-06T05:30:00Z,4.385747
2022-04-06T05:40:00Z,4.666789
2022-04-06T05:50:00Z,4.951827
2022-04-06T06:00:00Z,5.238747
2022-04-06T06:10:00Z,5.525424
2022-04-06T06:20:00Z,5.809742
2022-04-06T06:30:00Z,6.089605
2022-04-06T06:40:00Z,6.362958
2022-04-06T06:50:00Z,6.627796
2022-04-06T07:00:00Z,6.882180
2022-04-06T07:10:00Z,7.124253
2022-04-06T07:20:00Z,7.352251
2022-04-06T07:30:00Z,7.564513
2022-04-06T07:40:00Z,7.759499
2022-04-06T07:50:00Z,7.935794
2022-04-06T08:00:00Z,8.092124
2022-04-06T08:10:00Z,8.227360
2022-04-06T08:20:00Z,8.340527
2022-04-06T08:30:00Z,8.430814
2022-04-06T08:40:00Z,8.497575
2022-04-06T08:50:00Z,8.540336
2022-04-06T09:00:00Z,8.558796
2022-04-06T09:10:00Z,8.552832
2022-04-06T09:20:00Z,8.522497
2022-04-06T09:30:00Z,8.468020
2022-04-06T09:40:00Z,8.389804
2022-04-06T09:50:00Z,8.288423
2022-04-06T10:00:00Z,8.164618
2022-04-06T10:10:00Z,8.019291
2022-04-06T10:20:00Z,7.853499
2022-04-06T10:30:00Z,7.668444
2022-04-06T10:40:00Z,7.465468
2022-04-06T10:50:00Z,7.246039
2022-04-06T11:00:00Z,7.011744
2022-04-06T11:10:00Z,6.764276
2022-04-06T11:20:00Z,6.505420
2022-04-06T11:30:00Z,6.237044
2022-04-06T11:40:00Z,5.961082
2022-04-06T11:50:00Z,5.679524
2022-04-06T12:00:00Z,5.394396
2022-04-06T12:10:00Z,5.107752
2022-04-06T12:20:00Z,4.821655
2022-04-06T12:30:00Z,4.538164
2022-04-06T12:40:00Z,4.259320
2022-04-06T12:50:00Z,3.987128
2022-04-06T13:00:00Z,3.723549
2022-04-06T13:10:00Z,3.470479
2022-04-06T13:20:00Z,3.229744
2022-04-06T13:30:00Z,3.003076
2022-04-06T13:40:00Z,2.792114
2022-04-06T13:50:00Z,2.598381
2022-04-06T14:00:00Z,2.423279
2022-04-06T14:10:00Z,2.268081
2022-04-06T14:20:00Z,2.133916
2022-04-06T14:30:00Z,2.021766
2022-04-06T14:40:00Z,1.932460
2022-04-06T14:50:00Z,1.866663
2022-04-06T15:00:00Z,1.824876
2022-04-06T15:10:00Z,1.807432
2022-04-06T15:20:00Z,1.814492
2022-04-06T15:30:00Z,1.846047
2022-04-06T15:40:00Z,1.901916
2022-04-06T15:50:00Z,1.981747
2022-04-06T16:00:00Z,2.085021
2022-04-06T16:10:00Z,2.211056
2022-04-06T16:20:00Z,2.359012
2022-04-06T16:30:00Z,2.527896
2022-04-06T16:40:00Z,2.716570
2022-04-06T16:50:00Z,2.923758
2022-04-06T17:00:00Z,3.148058
2022-04-06T17:10:00Z,3.387948
2022-04-06T17:20:00Z,3.641799
2022-04-06T17:30:00Z,3.907889
2022-04-06T17:40:00Z,4.184408
2022-04-06T17:50:00Z,4.469480
2022-04-06T18:00:00Z,4.761168
2022-04-06T18:10:00Z,5.057493
2022-04-06T18:20:00Z,5.356445
2022-04-06T18:30:00Z,5.655999
2022-04-06T18:40:00Z,5.954126
2022-04-06T18:50:00Z,6.248812
2022-04-06T19:00:00Z,6.538069
2022-04-06T19:10:00Z,6.819946
2022-04-06T19:20:00Z,7.092549
2022-04-06T19:30:00Z,7.354049
2022-04-06T19:40:00Z,7.602698
2022-04-06T19:50:00Z,7.836837
2022-04-06T20:00:00Z,8.054912
2022-04-06T20:10:00Z,8.255479
2022-04-06T20:20:00Z,8.437221
2022-04-06T20:30:00Z,8.598950
2022-04-06T20:40:00Z,8.739619
2022-04-06T20:50:00Z,8.858328
2022-04-06T21:00:00Z,8.954331
2022-04-06T21:10:00Z,9.027037
2022-04-06T21:20:00Z,9.076018
2022-04-06T21:30:00Z,9.101010
2022-04-06T21:40:00Z,9.101915
2022-04-06T21:50:00Z,9.078799
2022-04-06T22:00:00Z,9.031896
2022-04-06T22:10:00Z,8.961599
2022-04-06T22:20:00Z,8.868463
2022-04-06T22:30:00Z,8.753199
2022-04-06T22:40:00Z,8.616667
2022-04-06T22:50:00Z,8.459870
2022-04-06T23:00:00Z,8.283949
2022-04-06T23:10:00Z,8.090172
2022-04-06T23:20:00Z,7.879928
2022-04-06T23:30:00Z,7.654711
2022-04-06T23:40:00Z,7.416117
2022-04-06T23:50:00Z,7.165828
2022-04-07T00:00:00Z,6.905599
2022-04-07T00:10:00Z,6.637249
2022-04-07T00:20:00Z,6.362648
2022-04-07T00:30:00Z,6.083699
2022-04-07T00:40:00Z,5.802332
2022-04-07T00:50:00Z,5.520484
2022-04-07T01:00:00Z,5.240089
2022-04-07T01:10:00Z,4.963064
2022-04-07T01:20:00Z,4.691293
2022-04-07T01:30:00Z,4.426621
2022-04-07T01:40:00Z,4.170831
2022-04-07T01:50:00Z,3.925642
2022-04-07T02:00:00Z,3.692689
2022-04-07T02:10:00Z,3.473519
2022-04-07T02:20:00Z,3.269572
2022-04-07T02:30:00Z,3.082181
2022-04-07T02:40:00Z,2.912554
2022-04-07T02:50:00Z,2.761773
2022-04-07T03:00:00Z,2.630784
2022-04-07T03:10:00Z,2.520388
2022-04-07T03:20:00Z,2.431240
2022-04-07T03:30:00Z,2.363845
2022-04-07T03:40:00Z,2.318552
2022-04-07T03:50:00Z,2.295552
2022-04-07T04:00:00Z,2.294882
2022-04-07T04:10:00Z,2.316419
2022-04-07T04:20:00Z,2.359886
2022-04-07T04:30:00Z,2.424851
2022-04-07T04:40:00Z,2.510734
2022-04-07T04:50:00Z,2.616808
2022-04-07T05:00:00Z,2.742208
2022-04-07T05:10:00Z,2.885934
2022-04-07T05:20:00Z,3.046863
2022-04-07T05:30:00Z,3.223750
2022-04-07T05:40:00Z,3.415246
2022-04-07T05:50:00Z,3.619902
2022-04-07T06:00:00Z,3.836181
2022-04-07T06:10:00Z,4.062467
2022-04-07T06:20:00Z,4.297082
2022-04-07T06:30:00Z,4.538292
2022-04-07T06:40:00Z,4.784325
2022-04-07T06:50:00Z,5.033377
2022-04-07T07:00:00Z,5.283631
2022-04-07T07:10:00Z,5.533266
2022-04-07T07:20:00Z,5.780472
2022-04-07T07:30:00Z,6.023462
2022-04-07T07:40:00Z,6.260483
2022-04-07T07:50:00Z,6.489831
2022-04-07T08:00:00Z,6.709860
2022-04-07T08:10:00Z,6.918998
2022-04-07T08:20:00Z,7.115752
2022-04-07T08:30:00Z,7.298723
2022-04-07T08:40:00Z,7.466612
2022-04-07T08:50:00Z,7.618234
2022-04-07T09:00:00Z,7.752519
2022-04-07T09:10:00Z,7.868527
2022-04-07T09:20:00Z,7.965448
2022-04-07T09:30:00Z,8.042610
2022-04-07T09:40:00Z,8.099485
2022-04-07T09:50:00Z,8.135689
2022-04-07T10:00:00Z,8.150987
2022-04-07T10:10:00Z,8.145295
2022-04-07T10:20:00Z,8.118676
2022-04-07T10:30:00Z,8.071343
2022-04-07T10:40:00Z,8.003657
2022-04-07T10:50:00Z,7.916124
2022-04-07T11:00:00Z,7.809388
2022-04-07T11:10:00Z,7.684232
2022-04-07T11:20:00Z,7.541566
2022-04-07T11:30:00Z,7.382425
2022-04-07T11:40:00Z,7.207961
2022-04-07T11:50:00Z,7.019430
2022-04-07T12:00:00Z,6.818190
2022-04-07T12:10:00Z,6.605687
2022-04-07T12:20:00Z,6.383444
2022-04-07T12:30:00Z,6.153054
2022-04-07T12:40:00Z,5.916164
2022-04-07T12:50:00Z,5.674469
2022-04-07T13:00:00Z,5.429693
2022-04-07T13:10:00Z,5.183584
2022-04-07T13:20:00Z,4.937896
2022-04-07T13:30:00Z,4.694380
2022-04-07T13:40:00Z,4.454773
2022-04-07T13:50:00Z,4.220779
2022-04-07T14:00:00Z,3.994067
2022-04-07T14:10:00Z,3.776251
2022-04-07T14:20:00Z,3.568882
2022-04-07T14:30:00Z,3.373440
2022-04-07T14:40:00Z,3.191318
2022-04-07T14:50:00Z,3.023818
2022-04-07T15:00:00Z,2.872137
2022-04-07T15:10:00Z,2.737362
2022-04-07T15:20:00Z,2.620465
2022-04-07T15:30:00Z,2.522288
2022-04-07T15:40:00Z,2.443546
2022-04-07T15:50:00Z,2.384819
2022-04-07T16:00:00Z,2.346546
2022-04-07T16:10:00Z,2.329025
2022-04-07T16:20:00Z,2.332409
2022-04-07T16:30:00Z,2.356708
2022-04-07T16:40:00Z,2.401786
2022-04-07T16:50:00Z,2.467365
2022-04-07T17:00:00Z,2.553022
2022-04-07T17:10:00Z,2.658200
2022-04-07T17:20:00Z,2.782206
2022-04-07T17:30:00Z,2.924215
2022-04-07T17:40:00Z,3.083283
2022-04-07T17:50:00Z,3.258346
2022-04-07T18:00:00Z,3.448231
2022-04-07T18:10:00Z,3.651666
2022-04-07T18:20:00Z,3.867283
2022-04-07T18:30:00Z,4.093636
2022-04-07T18:40:00Z,4.329202
2022-04-07T18:50:00Z,4.572398
2022-04-07T19:00:00Z,4.821591
2022-04-07T19:10:00Z,5.075106
2022-04-07T19:20:00Z,5.331240
2022-04-07T19:30:00Z,5.588276
2022-04-07T19:40:00Z,5.844491
2022-04-07T19:50:00Z,6.098167
2022-04-07T20:00:00Z,6.347607
2022-04-07T20:10:00Z,6.591146
2022-04-07T20:20:00Z,6.827158
2022-04-07T20:30:00Z,7.054071
2022-04-07T20:40:00Z,7.270378
2022-04-07T20:50:00Z,7.474643
2022-04-07T21:00:00Z,7.665518
2022-04-07T21:10:00Z,7.841743
2022-04-07T21:20:00Z,8.002162
2022-04-07T21:30:00Z,8.145726
2022-04-07T21:40:00Z,8.271504
2022-04-07T21:50:00Z,8.378686
2022-04-07T22:00:00Z,8.466587
2022-04-07T22:10:00Z,8.534658
2022-04-07T22:20:00Z,8.582481
2022-04-07T22:30:00Z,8.609780
2022-04-07T22:40:00Z,8.616413
2022-04-07T22:50:00Z,8.602384
2022-04-07T23:00:00Z,8.567832
2022-04-07T23:10:00Z,8.513038
2022-04-07T23:20:00Z,8.438416
2022-04-07T23:30:00Z,8.344516
2022-04-07T23:40:00Z,8.232015
2022-04-07T23:50:00Z,8.101716
2022-04-08T00:00:00Z,7.954539
2022-04-08T00:10:00Z,7.791517
2022-04-08T00:20:00Z,7.613787
2022-04-08T00:30:00Z,7.422582
2022-04-08T00:40:00Z,7.219224
2022-04-08T00:50:00Z,7.005113
2022-04-08T01:00:00Z,6.781719
2022-04-08T01:10:00Z,6.550569
2022-04-08T01:20:00Z,6.313239
2022-04-08T01:30:00Z,6.071343
2022-04-08T01:40:00Z,5.826520
2022-04-08T01:50:00Z,5.580425
2022-04-08T02:00:00Z,5.334715
2022-04-08T02:10:00Z,5.091040
2022-04-08T02:20:00Z,4.851033
2022-04-08T02:30:00Z,4.616292
2022-04-08T02:40:00Z,4.388379
2022-04-08T02:50:00Z,4.168802
2022-04-08T03:00:00Z,3.959007
2022-04-08T03:10:00Z,3.760369
2022-04-08T03:20:00Z,3.574183
2022-04-08T03:30:00Z,3.401654
2022-04-08T03:40:00Z,3.243888
2022-04-08T03:50:00Z,3.101890
2022-04-08T04:00:00Z,2.976550
2022-04-08T04:10:00Z,2.868644
2022-04-08T04:20:00Z,2.778822
2022-04-08T04:30:00Z,2.707613
2022-04-08T04:40:00Z,2.655412
2022-04-08T04:50:00Z,2.622485
2022-04-08T05:00:00Z,2.608962
2022-04-08T05:10:00Z,2.614842
2022-04-08T05:20:00Z,2.639988
2022-04-08T05:30:00Z,2.684133
2022-04-08T05:40:00Z,2.746879
2022-04-08T05:50:00Z,2.827701
2022-04-08T06:00:00Z,2.925951
2022-04-08T06:10:00Z,3.040863
2022-04-08T06:20:00Z,3.171559
2022-04-08T06:30:00Z,3.317053
2022-04-08T06:40:00Z,3.476262
2022-04-08T06:50:00Z,3.648010
2022-04-08T07:00:00Z,3.831039
2022-04-08T07:10:00Z,4.024015
2022-04-08T07:20:00Z,4.225542
2022-04-08T07:30:00Z,4.434166
2022-04-08T07:40:00Z,4.648391
2022-04-08T07:50:00Z,4.866682
2022-04-08T08:00:00Z,5.087486
2022-04-08T08:10:00Z,5.309233
2022-04-08T08:20:00Z,5.530352
2022-04-08T08:30:00Z,5.749281
2022-04-08T08:40:00Z,5.964476
2022-04-08T08:50:00Z,6.174426
2022-04-08T09:00:00Z,6.377658
2022-04-08T09:10:00Z,6.572750
2022-04-08T09:20:00Z,6.758342
2022-04-08T09:30:00Z,6.933140
2022-04-08T09:40:00Z,7.095933
2022-04-08T09:50:00Z,7.245593
2022-04-08T10:00:00Z,7.381087
2022-04-08T10:10:00Z,7.501484
2022-04-08T10:20:00Z,7.605961
2022-04-08T10:30:00Z,7.693806
2022-04-08T10:40:00Z,7.764426
2022-04-08T10:50:00Z,7.817348
2022-04-08T11:00:00Z,7.852227
2022-04-08T11:10:00Z,7.868840
2022-04-08T11:20:00Z,7.867097
2022-04-08T11:30:00Z,7.847032
2022-04-08T11:40:00Z,7.808811
2022-04-08T11:50:00Z,7.752724
2022-04-08T12:00:00Z,7.679187
2022-04-08T12:10:00Z,7.588737
2022-04-08T12:20:00Z,7.482028
2022-04-08T12:30:00Z,7.359828
2022-04-08T12:40:00Z,7.223013
2022-04-08T12:50:00Z,7.072558
2022-04-08T13:00:00Z,6.909535
2022-04-08T13:10:00Z,6.735101
2022-04-08T13:20:00Z,6.550493
2022-04-08T13:30:00Z,6.357017
2022-04-08T13:40:00Z,6.156043
2022-04-08T13:50:00Z,5.948988
2022-04-08T14:00:00Z,5.737315
2022-04-08T14:10:00Z,5.522517
2022-04-08T14:20:00Z,5.306107
2022-04-08T14:30:00Z,5.089612
2022-04-08T14:40:00Z,4.874556
2022-04-08T14:50:00Z,4.662455
2022-04-08T15:00:00Z,4.454804
2022-04-08T15:10:00Z,4.253067
2022-04-08T15:20:00Z,4.058667
2022-04-08T15:30:00Z,3.872976
2022-04-08T15:40:00Z,3.697307
2022-04-08T15:50:00Z,3.532902
2022-04-08T16:00:00Z,3.380928
2022-04-08T16:10:00Z,3.242465
2022-04-08T16:20:00Z,3.118499
2022-04-08T16:30:00Z,3.009918
2022-04-08T16:40:00Z,2.917505
2022-04-08T16:50:00Z,2.841929
2022-04-08T17:00:00Z,2.783747
2022-04-08T17:10:00Z,2.743393
2022-04-08T17:20:00Z,2.721183
2022-04-08T17:30:00Z,2.717305
2022-04-08T17:40:00Z,2.731822
2022-04-08T17:50:00Z,2.764673
2022-04-08T18:00:00Z,2.815669
2022-04-08T18:10:00Z,2.884498
2022-04-08T18:20:00Z,2.970725
2022-04-08T18:30:00Z,3.073798
2022-04-08T18:40:00Z,3.193047
2022-04-08T18:50:00Z,3.327693
2022-04-08T19:00:00Z,3.476851
2022-04-08T19:10:00Z,3.639537
2022-04-08T19:20:00Z,3.814673
2022-04-08T19:30:00Z,4.001098
2022-04-08T19:40:00Z,4.197572
2022-04-08T19:50:00Z,4.402787
2022-04-08T20:00:00Z,4.615374
2022-04-08T20:10:00Z,4.833914
2022-04-08T20:20:00Z,5.056946
2022-04-08T20:30:00Z,5.282981
2022-04-08T20:40:00Z,5.510504
2022-04-08T20:50:00Z,5.737993
2022-04-08T21:00:00Z,5.963925
2022-04-08T21:10:00Z,6.186786
2022-04-08T21:20:00Z,6.405082
2022-04-08T21:30:00Z,6.617351
2022-04-08T21:40:00Z,6.822169
2022-04-08T21:50:00Z,7.018164
2022-04-08T22:00:00Z,7.204022
2022-04-08T22:10:00Z,7.378495
2022-04-08T22:20:00Z,7.540416
2022-04-08T22:30:00Z,7.688698
2022-04-08T22:40:00Z,7.822347
2022-04-08T22:50:00Z,7.940469
2022-04-08T23:00:00Z,8.042272
2022-04-08T23:10:00Z,8.127074
2022-04-08T23:20:00Z,8.194308
2022-04-08T23:30:00Z,8.243524
2022-04-08T23:40:00Z,8.274395
2022-04-08T23:50:00Z,8.286714
2022-04-09T00:00:00Z,8.280401
2022-04-09T00:10:00Z,8.255501
2022-04-09T00:20:00Z,8.212182
2022-04-09T00:30:00Z,8.150736
2022-04-09T00:40:00Z,8.071576
2022-04-09T00:50:00Z,7.975237
2022-04-09T01:00:00Z,7.862363
2022-04-09T01:10:00Z,7.733714
2022-04-09T01:20:00Z,7.590152
2022-04-09T01:30:00Z,7.432639
2022-04-09T01:40:00Z,7.262232
2022-04-09T01:50:00Z,7.080071
2022-04-09T02:00:00Z,6.887376
2022-04-09T02:10:00Z,6.685435
2022-04-09T02:20:00Z,6.475599
2022-04-09T02:30:00Z,6.259270
2022-04-09T02:40:00Z,6.037892
2022-04-09T02:50:00Z,5.812941
2022-04-09T03:00:00Z,5.585917
2022-04-09T03:10:00Z,5.358333
2022-04-09T03:20:00Z,5.131703
2022-04-09T03:30:00Z,4.907532
2022-04-09T03:40:00Z,4.687311
2022-04-09T03:50:00Z,4.472498
2022-04-09T04:00:00Z,4.264515
2022-04-09T04:10:00Z,4.064739
2022-04-09T04:20:00Z,3.874486
2022-04-09T04:30:00Z,3.695009
2022-04-09T04:40:00Z,3.527486
2022-04-09T04:50:00Z,3.373013
2022-04-09T05:00:00Z,3.232597
2022-04-09T05:10:00Z,3.107150
2022-04-09T05:20:00Z,2.997479
2022-04-09T05:30:00Z,2.904286
2022-04-09T05:40:00Z,2.828159
2022-04-09T05:50:00Z,2.769572
2022-04-09T06:00:00Z,2.728878
2022-04-09T06:10:00Z,2.706310
2022-04-09T06:20:00Z,2.701975
2022-04-09T06:30:00Z,2.715859
2022-04-09T06:40:00Z,2.747825
2022-04-09T06:50:00Z,2.797611
2022-04-09T07:00:00Z,2.864837
2022-04-09T07:10:00Z,2.949003
2022-04-09T07:20:00Z,3.049495
2022-04-09T07:30:00Z,3.165591
2022-04-09T07:40:00Z,3.296460
2022-04-09T07:50:00Z,3.441175
2022-04-09T08:00:00Z,3.598713
2022-04-09T08:10:00Z,3.767967
2022-04-09T08:20:00Z,3.947751
2022-04-09T08:30:00Z,4.136808
2022-04-09T08:40:00Z,4.333820
2022-04-09T08:50:00Z,4.537414
2022-04-09T09:00:00Z,4.746176
2022-04-09T09:10:00Z,4.958659
2022-04-09T09:20:00Z,5.173388
2022-04-09T09:30:00Z,5.388878
2022-04-09T09:40:00Z,5.603640
2022-04-09T09:50:00Z,5.816188
2022-04-09T10:00:00Z,6.025058
2022-04-09T10:10:00Z,6.228807
2022-04-09T10:20:00Z,6.426033
2022-04-09T10:30:00Z,6.615377
2022-04-09T10:40:00Z,6.795537
2022-04-09T10:50:00Z,6.965275
2022-04-09T11:00:00Z,7.123423
2022-04-09T11:10:00Z,7.268899
2022-04-09T11:20:00Z,7.400703
2022-04-09T11:30:00Z,7.517933
2022-04-09T11:40:00Z,7.619788
2022-04-09T11:50:00Z,7.705572
2022-04-09T12:00:00Z,7.774702
2022-04-09T12:10:00Z,7.826709
2022-04-09T12:20:00Z,7.861241
2022-04-09T12:30:00Z,7.878070
2022-04-09T12:40:00Z,7.877087
2022-04-09T12:50:00Z,7.858309
2022-04-09T13:00:00Z,7.821875
2022-04-09T13:10:00Z,7.768045
2022-04-09T13:20:00Z,7.697200
2022-04-09T13:30:00Z,7.609839
2022-04-09T13:40:00Z,7.506576
2022-04-09T13:50:00Z,7.388133
2022-04-09T14:00:00Z,7.255340
2022-04-09T14:10:00Z,7.109124
2022-04-09T14:20:00Z,6.950507
2022-04-09T14:30:00Z,6.780597
2022-04-09T14:40:00Z,6.600581
2022-04-09T14:50:00Z,6.411715
2022-04-09T15:00:00Z,6.215318
2022-04-09T15:10:00Z,6.012764
2022-04-09T15:20:00Z,5.805467
2022-04-09T15:30:00Z,5.594877
2022-04-09T15:40:00Z,5.382468
2022-04-09T15:50:00Z,5.169728
2022-04-09T16:00:00Z,4.958147
2022-04-09T16:10:00Z,4.749212
2022-04-09T16:20:00Z,4.544388
2022-04-09T16:30:00Z,4.345119
2022-04-09T16:40:00Z,4.152807
2022-04-09T16:50:00Z,3.968811
2022-04-09T17:00:00Z,3.794432
2022-04-09T17:10:00Z,3.630909
2022-04-09T17:20:00Z,3.479404
2022-04-09T17:30:00Z,3.341000
2022-04-09T17:40:00Z,3.216690
2022-04-09T17:50:00Z,3.107371
2022-04-09T18:00:00Z,3.013839
2022-04-09T18:10:00Z,2.936780
2022-04-09T18:20:00Z,2.876770
2022-04-09T18:30:00Z,2.834266
2022-04-09T18:40:00Z,2.809606
2022-04-09T18:50:00Z,2.803006
2022-04-09T19:00:00Z,2.814557
2022-04-09T19:10:00Z,2.844224
2022-04-09T19:20:00Z,2.891850
2022-04-09T19:30:00Z,2.957152
2022-04-09T19:40:00Z,3.039724
2022-04-09T19:50:00Z,3.139043
2022-04-09T20:00:00Z,3.254467
2022-04-09T20:10:00Z,3.385244
2022-04-09T20:20:00Z,3.530513
2022-04-09T20:30:00Z,3.689315
2022-04-09T20:40:00Z,3.860592
2022-04-09T20:50:00Z,4.043201
2022-04-09T21:00:00Z,4.235918
2022-04-09T21:10:00Z,4.437448
2022-04-09T21:20:00Z,4.646430
2022-04-09T21:30:00Z,4.861453
2022-04-09T21:40:00Z,5.081059
2022-04-09T21:50:00Z,5.303757
2022-04-09T22:00:00Z,5.528031
2022-04-09T22:10:00Z,5.752351
2022-04-09T22:20:00Z,5.975183
2022-04-09T22:30:00Z,6.195001
2022-04-09T22:40:00Z,6.410296
2022-04-09T22:50:00Z,6.619588
2022-04-09T23:00:00Z,6.821431
2022-04-09T23:10:00Z,7.014432
2022-04-09T23:20:00Z,7.197252
2022-04-09T23:30:00Z,7.368619
2022-04-09T23:40:00Z,7.527339
2022-04-09T23:50:00Z,7.672299
2022-04-10T00:00:00Z,7.802478
2022-04-10T00:10:00Z,7.916956
2022-04-10T00:20:00Z,8.014915
2022-04-10T00:30:00Z,8.095650
2022-04-10T00:40:00Z,8.158571
2022-04-10T00:50:00Z,8.203210
2022-04-10T01:00:00Z,8.229220
2022-04-10T01:10:00Z,8.236381
2022-04-10T01:20:00Z,8.224602
2022-04-10T01:30:00Z,8.193920
2022-04-10T01:40:00Z,8.144500
2022-04-10T01:50:00Z,8.076636
2022-04-10T02:00:00Z,7.990748
2022-04-10T02:10:00Z,7.887378
2022-04-10T02:20:00Z,7.767189
2022-04-10T02:30:00Z,7.630960
2022-04-10T02:40:00Z,7.479580
2022-04-10T02:50:00Z,7.314041
2022-04-10T03:00:00Z,7.135437
2022-04-10T03:10:00Z,6.944948
2022-04-10T03:20:00Z,6.743840
2022-04-10T03:30:00Z,6.533452
2022-04-10T03:40:00Z,6.315189
2022-04-10T03:50:00Z,6.090511
2022-04-10T04:00:00Z,5.860925
2022-04-10T04:10:00Z,5.627973
2022-04-10T04:20:00Z,5.393223
2022-04-10T04:30:00Z,5.158256
2022-04-10T04:40:00Z,4.924659
2022-04-10T04:50:00Z,4.694011
2022-04-10T05:00:00Z,4.467873
2022-04-10T05:10:00Z,4.247777
2022-04-10T05:20:00Z,4.035218
2022-04-10T05:30:00Z,3.831641
2022-04-10T05:40:00Z,3.638431
2022-04-10T05:50:00Z,3.456904
2022-04-10T06:00:00Z,3.288301
2022-04-10T06:10:00Z,3.133774
2022-04-10T06:20:00Z,2.994380
2022-04-10T06:30:00Z,2.871077
2022-04-10T06:40:00Z,2.764712
2022-04-10T06:50:00Z,2.676020
2022-04-10T07:00:00Z,2.605614
2022-04-10T07:10:00Z,2.553984
2022-04-10T07:20:00Z,2.521493
2022-04-10T07:30:00Z,2.508374
2022-04-10T07:40:00Z,2.514726
2022-04-10T07:50:00Z,2.540518
2022-04-10T08:00:00Z,2.585584
2022-04-10T08:10:00Z,2.649627
2022-04-10T08:20:00Z,2.732220
2022-04-10T08:30:00Z,2.832808
2022-04-10T08:40:00Z,2.950715
2022-04-10T08:50:00Z,3.085142
2022-04-10T09:00:00Z,3.235179
2022-04-10T09:10:00Z,3.399807
2022-04-10T09:20:00Z,3.577906
2022-04-10T09:30:00Z,3.768263
2022-04-10T09:40:00Z,3.969580
2022-04-10T09:50:00Z,4.180482
2022-04-10T10:00:00Z,4.399528
2022-04-10T10:10:00Z,4.625219
2022-04-10T10:20:00Z,4.856008
2022-04-10T10:30:00Z,5.090314
2022-04-10T10:40:00Z,5.326528
2022-04-10T10:50:00Z,5.563029
2022-04-10T11:00:00Z,5.798189
2022-04-10T11:10:00Z,6.030391
2022-04-10T11:20:00Z,6.258036
2022-04-10T11:30:00Z,6.479554
2022-04-10T11:40:00Z,6.693416
2022-04-10T11:50:00Z,6.898147
2022-04-10T12:00:00Z,7.092330
2022-04-10T12:10:00Z,7.274622
2022-04-10T12:20:00Z,7.443759
2022-04-10T12:30:00Z,7.598568
2022-04-10T12:40:00Z,7.737975
2022-04-10T12:50:00Z,7.861009
2022-04-10T13:00:00Z,7.966813
2022-04-10T13:10:00Z,8.054648
2022-04-10T13:20:00Z,8.123900
2022-04-10T13:30:00Z,8.174080
2022-04-10T13:40:00Z,8.204834
2022-04-10T13:50:00Z,8.215941
2022-04-10T14:00:00Z,8.207315
2022-04-10T14:10:00Z,8.179010
2022-04-10T14:20:00Z,8.131215
2022-04-10T14:30:00Z,8.064252
2022-04-10T14:40:00Z,7.978581
2022-04-10T14:50:00Z,7.874791
2022-04-10T15:00:00Z,7.753596
2022-04-10T15:10:00Z,7.615835
2022-04-10T15:20:00Z,7.462460
2022-04-10T15:30:00Z,7.294536
2022-04-10T15:40:00Z,7.113229
2022-04-10T15:50:00Z,6.919800
2022-04-10T16:00:00Z,6.715596
2022-04-10T16:10:00Z,6.502042
2022-04-10T16:20:00Z,6.280629
2022-04-10T16:30:00Z,6.052904
2022-04-10T16:40:00Z,5.820463
2022-04-10T16:50:00Z,5.584935
2022-04-10T17:00:00Z,5.347973
2022-04-10T17:10:00Z,5.111244
2022-04-10T17:20:00Z,4.876415
2022-04-10T17:30:00Z,4.645141
2022-04-10T17:40:00Z,4.419056
2022-04-10T17:50:00Z,4.199761
2022-04-10T18:00:00Z,3.988810
2022-04-10T18:10:00Z,3.787703
2022-04-10T18:20:00Z,3.597872
2022-04-10T18:30:00Z,3.420674
2022-04-10T18:40:00Z,3.257379
2022-04-10T18:50:00Z,3.109162
2022-04-10T19:00:00Z,2.977094
2022-04-10T19:10:00Z,2.862135
2022-04-10T19:20:00Z,2.765127
2022-04-10T19:30:00Z,2.686788
2022-04-10T19:40:00Z,2.627706
2022-04-10T19:50:00Z,2.588335
2022-04-10T20:00:00Z,2.568992
2022-04-10T20:10:00Z,2.569853
2022-04-10T20:20:00Z,2.590954
2022-04-10T20:30:00Z,2.632188
2022-04-10T20:40:00Z,2.693308
2022-04-10T20:50:00Z,2.773925
2022-04-10T21:00:00Z,2.873514
2022-04-10T21:10:00Z,2.991414
2022-04-10T21:20:00Z,3.126835
2022-04-10T21:30:00Z,3.278862
2022-04-10T21:40:00Z,3.446462
2022-04-10T21:50:00Z,3.628489
2022-04-10T22:00:00Z,3.823694
2022-04-10T22:10:00Z,4.030733
2022-04-10T22:20:00Z,4.248174
2022-04-10T22:30:00Z,4.474510
2022-04-10T22:40:00Z,4.708167
2022-04-10T22:50:00Z,4.947517
2022-04-10T23:00:00Z,5.190886
2022-04-10T23:10:00Z,5.436570
2022-04-10T23:20:00Z,5.682843
2022-04-10T23:30:00Z,5.927970
2022-04-10T23:40:00Z,6.170220
2022-04-10T23:50:00Z,6.407879
2022-04-11T00:00:00Z,6.639259
2022-04-11T00:10:00Z,6.862711
2022-04-11T00:20:00Z,7.076640
2022-04-11T00:30:00Z,7.279511
2022-04-11T00:40:00Z,7.469863
2022-04-11T00:50:00Z,7.646319
2022-04-11T01:00:00Z,7.807596
2022-04-11T01:10:00Z,7.952512
2022-04-11T01:20:00Z,8.080000
2022-04-11T01:30:00Z,8.189107
2022-04-11T01:40:00Z,8.279010
2022-04-11T01:50:00Z,8.349017
2022-04-11T02:00:00Z,8.398573
2022-04-11T02:10:00Z,8.427265
2022-04-11T02:20:00Z,8.434823
2022-04-11T02:30:00Z,8.421127
2022-04-11T02:40:00Z,8.386202
2022-04-11T02:50:00Z,8.330225
2022-04-11T03:00:00Z,8.253517
2022-04-11T03:10:00Z,8.156548
2022-04-11T03:20:00Z,8.039927
2022-04-11T03:30:00Z,7.904407
2022-04-11T03:40:00Z,7.750870
2022-04-11T03:50:00Z,7.580329
2022-04-11T04:00:00Z,7.393918
2022-04-11T04:10:00Z,7.192885
2022-04-11T04:20:00Z,6.978583
2022-04-11T04:30:00Z,6.752461
2022-04-11T04:40:00Z,6.516056
2022-04-11T04:50:00Z,6.270979
2022-04-11T05:00:00Z,6.018907
2022-04-11T05:10:00Z,5.761570
2022-04-11T05:20:00Z,5.500738
2022-04-11T05:30:00Z,5.238214
2022-04-11T05:40:00Z,4.975812
2022-04-11T05:50:00Z,4.715355
2022-04-11T06:00:00Z,4.458656
2022-04-11T06:10:00Z,4.207504
2022-04-11T06:20:00Z,3.963656
2022-04-11T06:30:00Z,3.728825
2022-04-11T06:40:00Z,3.504661
2022-04-11T06:50:00Z,3.292747
2022-04-11T07:00:00Z,3.094585
2022-04-11T07:10:00Z,2.911585
2022-04-11T07:20:00Z,2.745052
2022-04-11T07:30:00Z,2.596184
2022-04-11T07:40:00Z,2.466057
2022-04-11T07:50:00Z,2.355619
2022-04-11T08:00:00Z,2.265684
2022-04-11T08:10:00Z,2.196926
2022-04-11T08:20:00Z,2.149872
2022-04-11T08:30:00Z,2.124901
2022-04-11T08:40:00Z,2.122238
2022-04-11T08:50:00Z,2.141954
2022-04-11T09:00:00Z,2.183965
2022-04-11T09:10:00Z,2.248031
2022-04-11T09:20:00Z,2.333758
2022-04-11T09:30:00Z,2.440603
2022-04-11T09:40:00Z,2.567872
2022-04-11T09:50:00Z,2.714729
2022-04-11T10:00:00Z,2.880200
2022-04-11T10:10:00Z,3.063180
2022-04-11T10:20:00Z,3.262440
2022-04-11T10:30:00Z,3.476634
2022-04-11T10:40:00Z,3.704312
2022-04-11T10:50:00Z,3.943925
2022-04-11T11:00:00Z,4.193840
2022-04-11T11:10:00Z,4.452348
2022-04-11T11:20:00Z,4.717677
2022-04-11T11:30:00Z,4.988006
2022-04-11T11:40:00Z,5.261473
2022-04-11T11:50:00Z,5.536195
2022-04-11T12:00:00Z,5.810274
2022-04-11T12:10:00Z,6.081813
2022-04-11T12:20:00Z,6.348933
2022-04-11T12:30:00Z,6.609778
2022-04-11T12:40:00Z,6.862536
2022-04-11T12:50:00Z,7.105448
2022-04-11T13:00:00Z,7.336821
2022-04-11T13:10:00Z,7.555038
2022-04-11T13:20:00Z,7.758575
2022-04-11T13:30:00Z,7.946004
2022-04-11T13:40:00Z,8.116011
2022-04-11T13:50:00Z,8.267400
2022-04-11T14:00:00Z,8.399103
2022-04-11T14:10:00Z,8.510190
2022-04-11T14:20:00Z,8.599872
2022-04-11T14:30:00Z,8.667509
2022-04-11T14:40:00Z,8.712615
2022-04-11T14:50:00Z,8.734861
2022-04-11T15:00:00Z,8.734078
2022-04-11T15:10:00Z,8.710256
2022-04-11T15:20:00Z,8.663549
2022-04-11T15:30:00Z,8.594271
2022-04-11T15:40:00Z,8.502893
2022-04-11T15:50:00Z,8.390045
2022-04-11T16:00:00Z,8.256504
2022-04-11T16:10:00Z,8.103197
2022-04-11T16:20:00Z,7.931190
2022-04-11T16:30:00Z,7.741680
2022-04-11T16:40:00Z,7.535991
2022-04-11T16:50:00Z,7.315561
2022-04-11T17:00:00Z,7.081933
2022-04-11T17:10:00Z,6.836745
2022-04-11T17:20:00Z,6.581719
2022-04-11T17:30:00Z,6.318649
2022-04-11T17:40:00Z,6.049384
2022-04-11T17:50:00Z,5.775824
2022-04-11T18:00:00Z,5.499898
2022-04-11T18:10:00Z,5.223554
2022-04-11T18:20:00Z,4.948746
2022-04-11T18:30:00Z,4.677421
2022-04-11T18:40:00Z,4.411500
2022-04-11T18:50:00Z,4.152872
2022-04-11T19:00:00Z,3.903373
2022-04-11T19:10:00Z,3.664778
2022-04-11T19:20:00Z,3.438787
2022-04-11T19:30:00Z,3.227013
2022-04-11T19:40:00Z,3.030970
2022-04-11T19:50:00Z,2.852061
2022-04-11T20:00:00Z,2.691571
2022-04-11T20:10:00Z,2.550653
2022-04-11T20:20:00Z,2.430327
2022-04-11T20:30:00Z,2.331463
2022-04-11T20:40:00Z,2.254783
2022-04-11T20:50:00Z,2.200850
2022-04-11T21:00:00Z,2.170068
2022-04-11T21:10:00Z,2.162675
2022-04-11T21:20:00Z,2.178743
2022-04-11T21:30:00Z,2.218177
2022-04-11T21:40:00Z,2.280717
2022-04-11T21:50:00Z,2.365936
2022-04-11T22:00:00Z,2.473244
2022-04-11T22:10:00Z,2.601896
2022-04-11T22:20:00Z,2.750989
2022-04-11T22:30:00Z,2.919476
2022-04-11T22:40:00Z,3.106168
2022-04-11T22:50:00Z,3.309746
2022-04-11T23:00:00Z,3.528766
2022-04-11T23:10:00Z,3.761672
2022-04-11T23:20:00Z,4.006806
2022-04-11T23:30:00Z,4.262420
2022-04-11T23:40:00Z,4.526687
2022-04-11T23:50:00Z,4.797717
2022-04-12T00:00:00Z,5.073564
2022-04-12T00:10:00Z,5.352248
2022-04-12T00:20:00Z,5.631763
2022-04-12T00:30:00Z,5.910093
2022-04-12T00:40:00Z,6.185225
2022-04-12T00:50:00Z,6.455168
2022-04-12T01:00:00Z,6.717961
2022-04-12T01:10:00Z,6.971691
2022-04-12T01:20:00Z,7.214507
2022-04-12T01:30:00Z,7.444630
2022-04-12T01:40:00Z,7.660369
2022-04-12T01:50:00Z,7.860130
2022-04-12T02:00:00Z,8.042434
2022-04-12T02:10:00Z,8.205919
2022-04-12T02:20:00Z,8.349357
2022-04-12T02:30:00Z,8.471658
2022-04-12T02:40:00Z,8.571883
2022-04-12T02:50:00Z,8.649248
2022-04-12T03:00:00Z,8.703129
2022-04-12T03:10:00Z,8.733069
2022-04-12T03:20:00Z,8.738781
2022-04-12T03:30:00Z,8.720151
2022-04-12T03:40:00Z,8.677237
2022-04-12T03:50:00Z,8.610272
2022-04-12T04:00:00Z,8.519660
2022-04-12T04:10:00Z,8.405976
2022-04-12T04:20:00Z,8.269960
2022-04-12T04:30:00Z,8.112514
2022-04-12T04:40:00Z,7.934694
2022-04-12T04:50:00Z,7.737705
2022-04-12T05:00:00Z,7.522892
2022-04-12T05:10:00Z,7.291731
2022-04-12T05:20:00Z,7.045816
2022-04-12T05:30:00Z,6.786853
2022-04-12T05:40:00Z,6.516644
2022-04-12T05:50:00Z,6.237078
2022-04-12T06:00:00Z,5.950112
2022-04-12T06:10:00Z,5.657764
2022-04-12T06:20:00Z,5.362094
2022-04-12T06:30:00Z,5.065194
2022-04-12T06:40:00Z,4.769168
2022-04-12T06:50:00Z,4.476119
2022-04-12T07:00:00Z,4.188137
2022-04-12T07:10:00Z,3.907280
2022-04-12T07:20:00Z,3.635562
2022-04-12T07:30:00Z,3.374938
2022-04-12T07:40:00Z,3.127288
2022-04-12T07:50:00Z,2.894407
2022-04-12T08:00:00Z,2.677990
2022-04-12T08:10:00Z,2.479619
2022-04-12T08:20:00Z,2.300754
2022-04-12T08:30:00Z,2.142719
2022-04-12T08:40:00Z,2.006697
2022-04-12T08:50:00Z,1.893716
2022-04-12T09:00:00Z,1.804646
2022-04-12T09:10:00Z,1.740187
2022-04-12T09:20:00Z,1.700872
2022-04-12T09:30:00Z,1.687054
2022-04-12T09:40:00Z,1.698909
2022-04-12T09:50:00Z,1.736431
2022-04-12T10:00:00Z,1.799435
2022-04-12T10:10:00Z,1.887553
2022-04-12T10:20:00Z,2.000243
2022-04-12T10:30:00Z,2.136785
2022-04-12T10:40:00Z,2.296293
2022-04-12T10:50:00Z,2.477714
2022-04-12T11:00:00Z,2.679840
2022-04-12T11:10:00Z,2.901316
2022-04-12T11:20:00Z,3.140644
2022-04-12T11:30:00Z,3.396202
2022-04-12T11:40:00Z,3.666248
2022-04-12T11:50:00Z,3.948934
2022-04-12T12:00:00Z,4.242322
2022-04-12T12:10:00Z,4.544392
2022-04-12T12:20:00Z,4.853061
2022-04-12T12:30:00Z,5.166195
2022-04-12T12:40:00Z,5.481626
2022-04-12T12:50:00Z,5.797165
2022-04-12T13:00:00Z,6.110619
2022-04-12T13:10:00Z,6.419804
2022-04-12T13:20:00Z,6.722566
2022-04-12T13:30:00Z,7.016790
2022-04-12T13:40:00Z,7.300419
2022-04-12T13:50:00Z,7.571466
2022-04-12T14:00:00Z,7.828032
2022-04-12T14:10:00Z,8.068314
2022-04-12T14:20:00Z,8.290625
2022-04-12T14:30:00Z,8.493398
2022-04-12T14:40:00Z,8.675205
2022-04-12T14:50:00Z,8.834761
2022-04-12T15:00:00Z,8.970938
2022-04-12T15:10:00Z,9.082771
2022-04-12T15:20:00Z,9.169464
2022-04-12T15:30:00Z,9.230399
2022-04-12T15:40:00Z,9.265137
2022-04-12T15:50:00Z,9.273424
2022-04-12T16:00:00Z,9.255194
2022-04-12T16:10:00Z,9.210565
2022-04-12T16:20:00Z,9.139843
2022-04-12T16:30:00Z,9.043518
2022-04-12T16:40:00Z,8.922262
2022-04-12T16:50:00Z,8.776921
2022-04-12T17:00:00Z,8.608515
2022-04-12T17:10:00Z,8.418226
2022-04-12T17:20:00Z,8.207393
2022-04-12T17:30:00Z,7.977498
2022-04-12T17:40:00Z,7.730162
2022-04-12T17:50:00Z,7.467130
2022-04-12T18:00:00Z,7.190258
2022-04-12T18:10:00Z,6.901503
2022-04-12T18:20:00Z,6.602904
2022-04-12T18:30:00Z,6.296574
2022-04-12T18:40:00Z,5.984682
2022-04-12T18:50:00Z,5.669435
2022-04-12T19:00:00Z,5.353067
2022-04-12T19:10:00Z,5.037820
2022-04-12T19:20:00Z,4.725929
2022-04-12T19:30:00Z,4.419607
2022-04-12T19:40:00Z,4.121027
2022-04-12T19:50:00Z,3.832308
2022-04-12T20:00:00Z,3.555500
2022-04-12T20:10:00Z,3.292569
2022-04-12T20:20:00Z,3.045382
2022-04-12T20:30:00Z,2.815694
2022-04-12T20:40:00Z,2.605136
2022-04-12T20:50:00Z,2.415204
2022-04-12T21:00:00Z,2.247244
2022-04-12T21:10:00Z,2.102449
2022-04-12T21:20:00Z,1.981842
2022-04-12T21:30:00Z,1.886279
2022-04-12T21:40:00Z,1.816430
2022-04-12T21:50:00Z,1.772786
2022-04-12T22:00:00Z,1.755647
2022-04-12T22:10:00Z,1.765124
2022-04-12T22:20:00Z,1.801136
2022-04-12T22:30:00Z,1.863412
2022-04-12T22:40:00Z,1.951491
2022-04-12T22:50:00Z,2.064726
2022-04-12T23:00:00Z,2.202290
2022-04-12T23:10:00Z,2.363176
2022-04-12T23:20:00Z,2.546212
2022-04-12T23:30:00Z,2.750065
2022-04-12T23:40:00Z,2.973248
2022-04-12T23:50:00Z,3.214137
2022-04-13T00:00:00Z,3.470976
2022-04-13T00:10:00Z,3.741892
2022-04-13T00:20:00Z,4.024912
2022-04-13T00:30:00Z,4.317970
2022-04-13T00:40:00Z,4.618926
2022-04-13T00:50:00Z,4.925584
2022-04-13T01:00:00Z,5.235699
2022-04-13T01:10:00Z,5.547003
2022-04-13T01:20:00Z,5.857215
2022-04-13T01:30:00Z,6.164059
2022-04-13T01:40:00Z,6.465282
2022-04-13T01:50:00Z,6.758667
2022-04-13T02:00:00Z,7.042053
2022-04-13T02:10:00Z,7.313345
2022-04-13T02:20:00Z,7.570538
2022-04-13T02:30:00Z,7.811721
2022-04-13T02:40:00Z,8.035100
2022-04-13T02:50:00Z,8.239005
2022-04-13T03:00:00Z,8.421906
2022-04-13T03:10:00Z,8.582422
2022-04-13T03:20:00Z,8.719333
2022-04-13T03:30:00Z,8.831585
2022-04-13T03:40:00Z,8.918304
2022-04-13T03:50:00Z,8.978799
2022-04-13T04:00:00Z,9.012566
2022-04-13T04:10:00Z,9.019295
2022-04-13T04:20:00Z,8.998871
2022-04-13T04:30:00Z,8.951375
2022-04-13T04:40:00Z,8.877085
2022-04-13T04:50:00Z,8.776473
2022-04-13T05:00:00Z,8.650202
2022-04-13T05:10:00Z,8.499122
2022-04-13T05:20:00Z,8.324264
2022-04-13T05:30:00Z,8.126835
2022-04-13T05:40:00Z,7.908205
2022-04-13T05:50:00Z,7.669902
2022-04-13T06:00:00Z,7.413598
2022-04-13T06:10:00Z,7.141101
2022-04-13T06:20:00Z,6.854338
2022-04-13T06:30:00Z,6.555344
2022-04-13T06:40:00Z,6.246247
2022-04-13T06:50:00Z,5.929253
2022-04-13T07:00:00Z,5.606628
2022-04-13T07:10:00Z,5.280688
2022-04-13T07:20:00Z,4.953775
2022-04-13T07:30:00Z,4.628245
2022-04-13T07:40:00Z,4.306450
2022-04-13T07:50:00Z,3.990721
2022-04-13T08:00:00Z,3.683349
2022-04-13T08:10:00Z,3.386573
2022-04-13T08:20:00Z,3.102562
2022-04-13T08:30:00Z,2.833396
2022-04-13T08:40:00Z,2.581056
2022-04-13T08:50:00Z,2.347407
2022-04-13T09:00:00Z,2.134184
2022-04-13T09:10:00Z,1.942981
2022-04-13T09:20:00Z,1.775238
2022-04-13T09:30:00Z,1.632232
2022-04-13T09:40:00Z,1.515063
2022-04-13T09:50:00Z,1.424654
2022-04-13T10:00:00Z,1.361736
2022-04-13T10:10:00Z,1.326847
2022-04-13T10:20:00Z,1.320326
2022-04-13T10:30:00Z,1.342312
2022-04-13T10:40:00Z,1.392740
2022-04-13T10:50:00Z,1.471342
2022-04-13T11:00:00Z,1.577652
2022-04-13T11:10:00Z,1.711004
2022-04-13T11:20:00Z,1.870538
2022-04-13T11:30:00Z,2.055209
2022-04-13T11:40:00Z,2.263787
2022-04-13T11:50:00Z,2.494875
2022-04-13T12:00:00Z,2.746911
2022-04-13T12:10:00Z,3.018181
2022-04-13T12:20:00Z,3.306833
2022-04-13T12:30:00Z,3.610888
2022-04-13T12:40:00Z,3.928254
2022-04-13T12:50:00Z,4.256743
2022-04-13T13:00:00Z,4.594081
2022-04-13T13:10:00Z,4.937932
2022-04-13T13:20:00Z,5.285906
2022-04-13T13:30:00Z,5.635585
2022-04-13T13:40:00Z,5.984531
2022-04-13T13:50:00Z,6.330310
2022-04-13T14:00:00Z,6.670506
2022-04-13T14:10:00Z,7.002741
2022-04-13T14:20:00Z,7.324688
2022-04-13T14:30:00Z,7.634093
2022-04-13T14:40:00Z,7.928784
2022-04-13T14:50:00Z,8.206694
2022-04-13T15:00:00Z,8.465871
2022-04-13T15:10:00Z,8.704493
2022-04-13T15:20:00Z,8.920883
2022-04-13T15:30:00Z,9.113518
2022-04-13T15:40:00Z,9.281043
2022-04-13T15:50:00Z,9.422279
2022-04-13T16:00:00Z,9.536232
2022-04-13T16:10:00Z,9.622100
2022-04-13T16:20:00Z,9.679278
2022-04-13T16:30:00Z,9.707368
2022-04-13T16:40:00Z,9.706171
2022-04-13T16:50:00Z,9.675701
2022-04-13T17:00:00Z,9.616176
2022-04-13T17:10:00Z,9.528021
2022-04-13T17:20:00Z,9.411862
2022-04-13T17:30:00Z,9.268527
2022-04-13T17:40:00Z,9.099035
2022-04-13T17:50:00Z,8.904589
2022-04-13T18:00:00Z,8.686571
2022-04-13T18:10:00Z,8.446530
2022-04-13T18:20:00Z,8.186172
2022-04-13T18:30:00Z,7.907346
2022-04-13T18:40:00Z,7.612033
2022-04-13T18:50:00Z,7.302331
2022-04-13T19:00:00Z,6.980440
2022-04-13T19:10:00Z,6.648645
2022-04-13T19:20:00Z,6.309303
2022-04-13T19:30:00Z,5.964824
2022-04-13T19:40:00Z,5.617652
2022-04-13T19:50:00Z,5.270253
2022-04-13T20:00:00Z,4.925090
2022-04-13T20:10:00Z,4.584612
2022-04-13T20:20:00Z,4.251232
2022-04-13T20:30:00Z,3.927311
2022-04-13T20:40:00Z,3.615144
2022-04-13T20:50:00Z,3.316938
2022-04-13T21:00:00Z,3.034800
2022-04-13T21:10:00Z,2.770721
2022-04-13T21:20:00Z,2.526560
2022-04-13T21:30:00Z,2.304035
2022-04-13T21:40:00Z,2.104706
2022-04-13T21:50:00Z,1.929964
2022-04-13T22:00:00Z,1.781025
2022-04-13T22:10:00Z,1.658916
2022-04-13T22:20:00Z,1.564474
2022-04-13T22:30:00Z,1.498331
2022-04-13T22:40:00Z,1.460919
2022-04-13T22:50:00Z,1.452459
2022-04-13T23:00:00Z,1.472964
2022-04-13T23:10:00Z,1.522239
2022-04-13T23:20:00Z,1.599877
2022-04-13T23:30:00Z,1.705269
2022-04-13T23:40:00Z,1.837604
2022-04-13T23:50:00Z,1.995876
2022-04-14T00:00:00Z,2.178890
2022-04-14T00:10:00Z,2.385273
2022-04-14T00:20:00Z,2.613482
2022-04-14T00:30:00Z,2.861815
2022-04-14T00:40:00Z,3.128424
2022-04-14T00:50:00Z,3.411328
2022-04-14T01:00:00Z,3.708429
2022-04-14T01:10:00Z,4.017524
2022-04-14T01:20:00Z,4.336322
2022-04-14T01:30:00Z,4.662462
2022-04-14T01:40:00Z,4.993529
2022-04-14T01:50:00Z,5.327070
2022-04-14T02:00:00Z,5.660617
2022-04-14T02:10:00Z,5.991697
2022-04-14T02:20:00Z,6.317856
2022-04-14T02:30:00Z,6.636675
2022-04-14T02:40:00Z,6.945788
2022-04-14T02:50:00Z,7.242897
2022-04-14T03:00:00Z,7.525792
2022-04-14T03:10:00Z,7.792364
2022-04-14T03:20:00Z,8.040624
2022-04-14T03:30:00Z,8.268714
2022-04-14T03:40:00Z,8.474921
2022-04-14T03:50:00Z,8.657693
2022-04-14T04:00:00Z,8.815647
2022-04-14T04:10:00Z,8.947579
2022-04-14T04:20:00Z,9.052475
2022-04-14T04:30:00Z,9.129518
2022-04-14T04:40:00Z,9.178093
2022-04-14T04:50:00Z,9.197793
2022-04-14T05:00:00Z,9.188421
2022-04-14T05:10:00Z,9.149993
2022-04-14T05:20:00Z,9.082736
2022-04-14T05:30:00Z,8.987088
2022-04-14T05:40:00Z,8.863698
2022-04-14T05:50:00Z,8.713414
2022-04-14T06:00:00Z,8.537284
2022-04-14T06:10:00Z,8.336547
2022-04-14T06:20:00Z,8.112621
2022-04-14T06:30:00Z,7.867098
2022-04-14T06:40:00Z,7.601729
2022-04-14T06:50:00Z,7.318411
2022-04-14T07:00:00Z,7.019178
2022-04-14T07:10:00Z,6.706182
2022-04-14T07:20:00Z,6.381679
2022-04-14T07:30:00Z,6.048012
2022-04-14T07:40:00Z,5.707597
2022-04-14T07:50:00Z,5.362904
2022-04-14T08:00:00Z,5.016436
2022-04-14T08:10:00Z,4.670717
2022-04-14T08:20:00Z,4.328268
2022-04-14T08:30:00Z,3.991593
2022-04-14T08:40:00Z,3.663160
2022-04-14T08:50:00Z,3.345380
2022-04-14T09:00:00Z,3.040594
2022-04-14T09:10:00Z,2.751055
2022-04-14T09:20:00Z,2.478906
2022-04-14T09:30:00Z,2.226175
2022-04-14T09:40:00Z,1.994750
2022-04-14T09:50:00Z,1.786371
2022-04-14T10:00:00Z,1.602615
2022-04-14T10:10:00Z,1.444886
2022-04-14T10:20:00Z,1.314404
2022-04-14T10:30:00Z,1.212194
2022-04-14T10:40:00Z,1.139082
2022-04-14T10:50:00Z,1.095686
2022-04-14T11:00:00Z,1.082413
2022-04-14T11:10:00Z,1.099454
2022-04-14T11:20:00Z,1.146784
2022-04-14T11:30:00Z,1.224160
2022-04-14T11:40:00Z,1.331127
2022-04-14T11:50:00Z,1.467014
2022-04-14T12:00:00Z,1.630944
2022-04-14T12:10:00Z,1.821838
2022-04-14T12:20:00Z,2.038424
2022-04-14T12:30:00Z,2.279244
2022-04-14T12:40:00Z,2.542663
2022-04-14T12:50:00Z,2.826886
2022-04-14T13:00:00Z,3.129964
2022-04-14T13:10:00Z,3.449814
2022-04-14T13:20:00Z,3.784228
2022-04-14T13:30:00Z,4.130893
2022-04-14T13:40:00Z,4.487406
2022-04-14T13:50:00Z,4.851290
2022-04-14T14:00:00Z,5.220013
2022-04-14T14:10:00Z,5.591007
2022-04-14T14:20:00Z,5.961683
2022-04-14T14:30:00Z,6.329454
2022-04-14T14:40:00Z,6.691748
2022-04-14T14:50:00Z,7.046032
2022-04-14T15:00:00Z,7.389827
2022-04-14T15:10:00Z,7.720725
2022-04-14T15:20:00Z,8.036410
2022-04-14T15:30:00Z,8.334671
2022-04-14T15:40:00Z,8.613418
2022-04-14T15:50:00Z,8.870699
2022-04-14T16:00:00Z,9.104715
2022-04-14T16:10:00Z,9.313827
2022-04-14T16:20:00Z,9.496576
2022-04-14T16:30:00Z,9.651687
2022-04-14T16:40:00Z,9.778081
2022-04-14T16:50:00Z,9.874881
2022-04-14T17:00:00Z,9.941422
2022-04-14T17:10:00Z,9.977252
2022-04-14T17:20:00Z,9.982136
2022-04-14T17:30:00Z,9.956061
2022-04-14T17:40:00Z,9.899231
2022-04-14T17:50:00Z,9.812068
2022-04-14T18:00:00Z,9.695211
2022-04-14T18:10:00Z,9.549509
2022-04-14T18:20:00Z,9.376013
2022-04-14T18:30:00Z,9.175975
2022-04-14T18:40:00Z,8.950832
2022-04-14T18:50:00Z,8.702199
2022-04-14T19:00:00Z,8.431858
2022-04-14T19:10:00Z,8.141745
2022-04-14T19:20:00Z,7.833932
2022-04-14T19:30:00Z,7.510618
2022-04-14T19:40:00Z,7.174112
2022-04-14T19:50:00Z,6.826812
2022-04-14T20:00:00Z,6.471193
2022-04-14T20:10:00Z,6.109785
2022-04-14T20:20:00Z,5.745159
2022-04-14T20:30:00Z,5.379906
2022-04-14T20:40:00Z,5.016617
2022-04-14T20:50:00Z,4.657869
2022-04-14T21:00:00Z,4.306201
2022-04-14T21:10:00Z,3.964099
2022-04-14T21:20:00Z,3.633979
2022-04-14T21:30:00Z,3.318165
2022-04-14T21:40:00Z,3.018879
2022-04-14T21:50:00Z,2.738220
2022-04-14T22:00:00Z,2.478148
2022-04-14T22:10:00Z,2.240475
2022-04-14T22:20:00Z,2.026850
2022-04-14T22:30:00Z,1.838743
2022-04-14T22:40:00Z,1.677440
2022-04-14T22:50:00Z,1.544033
2022-04-14T23:00:00Z,1.439408
2022-04-14T23:10:00Z,1.364244
2022-04-14T23:20:00Z,1.319003
2022-04-14T23:30:00Z,1.303933
2022-04-14T23:40:00Z,1.319059
2022-04-14T23:50:00Z,1.364190
2022-04-15T00:00:00Z,1.438916
2022-04-15T00:10:00Z,1.542611
2022-04-15T00:20:00Z,1.674441
2022-04-15T00:30:00Z,1.833365
2022-04-15T00:40:00Z,2.018150
2022-04-15T00:50:00Z,2.227372
2022-04-15T01:00:00Z,2.459431
2022-04-15T01:10:00Z,2.712562
2022-04-15T01:20:00Z,2.984848
2022-04-15T01:30:00Z,3.274233
2022-04-15T01:40:00Z,3.578538
2022-04-15T01:50:00Z,3.895475
2022-04-15T02:00:00Z,4.222668
2022-04-15T02:10:00Z,4.557665
2022-04-15T02:20:00Z,4.897960
2022-04-15T02:30:00Z,5.241006
2022-04-15T02:40:00Z,5.584243
2022-04-15T02:50:00Z,5.925105
2022-04-15T03:00:00Z,6.261048
2022-04-15T03:10:00Z,6.589563
2022-04-15T03:20:00Z,6.908199
2022-04-15T03:30:00Z,7.214575
2022-04-15T03:40:00Z,7.506402
2022-04-15T03:50:00Z,7.781498
2022-04-15T04:00:00Z,8.037805
2022-04-15T04:10:00Z,8.273401
2022-04-15T04:20:00Z,8.486519
2022-04-15T04:30:00Z,8.675554
2022-04-15T04:40:00Z,8.839081
2022-04-15T04:50:00Z,8.975860
2022-04-15T05:00:00Z,9.084849
2022-04-15T05:10:00Z,9.165209
2022-04-15T05:20:00Z,9.216311
2022-04-15T05:30:00Z,9.237742
2022-04-15T05:40:00Z,9.229307
2022-04-15T05:50:00Z,9.191030
2022-04-15T06:00:00Z,9.123154
2022-04-15T06:10:00Z,9.026141
2022-04-15T06:20:00Z,8.900666
2022-04-15T06:30:00Z,8.747617
2022-04-15T06:40:00Z,8.568081
2022-04-15T06:50:00Z,8.363344
2022-04-15T07:00:00Z,8.134878
2022-04-15T07:10:00Z,7.884328
2022-04-15T07:20:00Z,7.613507
2022-04-15T07:30:00Z,7.324376
2022-04-15T07:40:00Z,7.019034
2022-04-15T07:50:00Z,6.699700
2022-04-15T08:00:00Z,6.368701
2022-04-15T08:10:00Z,6.028451
2022-04-15T08:20:00Z,5.681436
2022-04-15T08:30:00Z,5.330193
2022-04-15T08:40:00Z,4.977296
2022-04-15T08:50:00Z,4.625335
2022-04-15T09:00:00Z,4.276897
2022-04-15T09:10:00Z,3.934547
2022-04-15T09:20:00Z,3.600811
2022-04-15T09:30:00Z,3.278155
2022-04-15T09:40:00Z,2.968969
2022-04-15T09:50:00Z,2.675552
2022-04-15T10:00:00Z,2.400088
2022-04-15T10:10:00Z,2.144639
2022-04-15T10:20:00Z,1.911123
2022-04-15T10:30:00Z,1.701302
2022-04-15T10:40:00Z,1.516771
2022-04-15T10:50:00Z,1.358947
2022-04-15T11:00:00Z,1.229052
2022-04-15T11:10:00Z,1.128111
2022-04-15T11:20:00Z,1.056944
2022-04-15T11:30:00Z,1.016155
2022-04-15T11:40:00Z,1.006132
2022-04-15T11:50:00Z,1.027041
2022-04-15T12:00:00Z,1.078827
2022-04-15T12:10:00Z,1.161215
2022-04-15T12:20:00Z,1.273706
2022-04-15T12:30:00Z,1.415587
2022-04-15T12:40:00Z,1.585935
2022-04-15T12:50:00Z,1.783619
2022-04-15T13:00:00Z,2.007313
2022-04-15T13:10:00Z,2.255502
2022-04-15T13:20:00Z,2.526494
2022-04-15T13:30:00Z,2.818435
2022-04-15T13:40:00Z,3.129315
2022-04-15T13:50:00Z,3.456990
2022-04-15T14:00:00Z,3.799194
2022-04-15T14:10:00Z,4.153554
2022-04-15T14:20:00Z,4.517607
2022-04-15T14:30:00Z,4.888823
2022-04-15T14:40:00Z,5.264615
2022-04-15T14:50:00Z,5.642363
2022-04-15T15:00:00Z,6.019433
2022-04-15T15:10:00Z,6.393191
2022-04-15T15:20:00Z,6.761028
2022-04-15T15:30:00Z,7.120373
2022-04-15T15:40:00Z,7.468717
2022-04-15T15:50:00Z,7.803626
2022-04-15T16:00:00Z,8.122762
2022-04-15T16:10:00Z,8.423898
2022-04-15T16:20:00Z,8.704934
2022-04-15T16:30:00Z,8.963913
2022-04-15T16:40:00Z,9.199034
2022-04-15T16:50:00Z,9.408665
2022-04-15T17:00:00Z,9.591355
2022-04-15T17:10:00Z,9.745846
2022-04-15T17:20:00Z,9.871078
2022-04-15T17:30:00Z,9.966200
2022-04-15T17:40:00Z,10.030575
2022-04-15T17:50:00Z,10.063783
2022-04-15T18:00:00Z,10.065628
2022-04-15T18:10:00Z,10.036134
2022-04-15T18:20:00Z,9.975549
2022-04-15T18:30:00Z,9.884340
2022-04-15T18:40:00Z,9.763193
2022-04-15T18:50:00Z,9.613004
2022-04-15T19:00:00Z,9.434875
2022-04-15T19:10:00Z,9.230108
2022-04-15T19:20:00Z,9.000188
2022-04-15T19:30:00Z,8.746782
2022-04-15T19:40:00Z,8.471718
2022-04-15T19:50:00Z,8.176980
2022-04-15T20:00:00Z,7.864686
2022-04-15T20:10:00Z,7.537077
2022-04-15T20:20:00Z,7.196502
2022-04-15T20:30:00Z,6.845396
2022-04-15T20:40:00Z,6.486266
2022-04-15T20:50:00Z,6.121675
2022-04-15T21:00:00Z,5.754217
2022-04-15T21:10:00Z,5.386504
2022-04-15T21:20:00Z,5.021145
2022-04-15T21:30:00Z,4.660729
2022-04-15T21:40:00Z,4.307800
2022-04-15T21:50:00Z,3.964850
2022-04-15T22:00:00Z,3.634288
2022-04-15T22:10:00Z,3.318435
2022-04-15T22:20:00Z,3.019499
2022-04-15T22:30:00Z,2.739560
2022-04-15T22:40:00Z,2.480560
2022-04-15T22:50:00Z,2.244284
2022-04-15T23:00:00Z,2.032351
2022-04-15T23:10:00Z,1.846199
2022-04-15T23:20:00Z,1.687078
2022-04-15T23:30:00Z,1.556037
2022-04-15T23:40:00Z,1.453922
2022-04-15T23:50:00Z,1.381367
2022-04-16T00:00:00Z,1.338789
2022-04-16T00:10:00Z,1.326386
2022-04-16T00:20:00Z,1.344138
2022-04-16T00:30:00Z,1.391804
2022-04-16T00:40:00Z,1.468925
2022-04-16T00:50:00Z,1.574828
2022-04-16T01:00:00Z,1.708632
2022-04-16T01:10:00Z,1.869253
2022-04-16T01:20:00Z,2.055414
2022-04-16T01:30:00Z,2.265651
2022-04-16T01:40:00Z,2.498329
2022-04-16T01:50:00Z,2.751648
2022-04-16T02:00:00Z,3.023663
2022-04-16T02:10:00Z,3.312293
2022-04-16T02:20:00Z,3.615337
2022-04-16T02:30:00Z,3.930493
2022-04-16T02:40:00Z,4.255373
2022-04-16T02:50:00Z,4.587521
2022-04-16T03:00:00Z,4.924429
2022-04-16T03:10:00Z,5.263560
2022-04-16T03:20:00Z,5.602360
2022-04-16T03:30:00Z,5.938283
2022-04-16T03:40:00Z,6.268806
2022-04-16T03:50:00Z,6.591449
2022-04-16T04:00:00Z,6.903791
2022-04-16T04:10:00Z,7.203491
2022-04-16T04:20:00Z,7.488301
2022-04-16T04:30:00Z,7.756088
2022-04-16T04:40:00Z,8.004843
2022-04-16T04:50:00Z,8.232700
2022-04-16T05:00:00Z,8.437948
2022-04-16T05:10:00Z,8.619046
2022-04-16T05:20:00Z,8.774629
2022-04-16T05:30:00Z,8.903523
2022-04-16T05:40:00Z,9.004752
2022-04-16T05:50:00Z,9.077542
2022-04-16T06:00:00Z,9.121334
2022-04-16T06:10:00Z,9.135779
2022-04-16T06:20:00Z,9.120747
2022-04-16T06:30:00Z,9.076326
2022-04-16T06:40:00Z,9.002820
2022-04-16T06:50:00Z,8.900749
2022-04-16T07:00:00Z,8.770844
2022-04-16T07:10:00Z,8.614041
2022-04-16T07:20:00Z,8.431478
2022-04-16T07:30:00Z,8.224479
2022-04-16T07:40:00Z,7.994553
2022-04-16T07:50:00Z,7.743377
2022-04-16T08:00:00Z,7.472787
2022-04-16T08:10:00Z,7.184762
2022-04-16T08:20:00Z,6.881413
2022-04-16T08:30:00Z,6.564964
2022-04-16T08:40:00Z,6.237738
2022-04-16T08:50:00Z,5.902139
2022-04-16T09:00:00Z,5.560638
2022-04-16T09:10:00Z,5.215747
2022-04-16T09:20:00Z,4.870010
2022-04-16T09:30:00Z,4.525979
2022-04-16T09:40:00Z,4.186195
2022-04-16T09:50:00Z,3.853175
2022-04-16T10:00:00Z,3.529385
2022-04-16T10:10:00Z,3.217230
2022-04-16T10:20:00Z,2.919033
2022-04-16T10:30:00Z,2.637019
2022-04-16T10:40:00Z,2.373296
2022-04-16T10:50:00Z,2.129844
2022-04-16T11:00:00Z,1.908498
2022-04-16T11:10:00Z,1.710935
2022-04-16T11:20:00Z,1.538661
2022-04-16T11:30:00Z,1.393002
2022-04-16T11:40:00Z,1.275094
2022-04-16T11:50:00Z,1.185871
2022-04-16T12:00:00Z,1.126064
2022-04-16T12:10:00Z,1.096192
2022-04-16T12:20:00Z,1.096557
2022-04-16T12:30:00Z,1.127246
2022-04-16T12:40:00Z,1.188126
2022-04-16T12:50:00Z,1.278849
2022-04-16T13:00:00Z,1.398849
2022-04-16T13:10:00Z,1.547353
2022-04-16T13:20:00Z,1.723379
2022-04-16T13:30:00Z,1.925749
2022-04-16T13:40:00Z,2.153096
2022-04-16T13:50:00Z,2.403870
2022-04-16T14:00:00Z,2.676355
2022-04-16T14:10:00Z,2.968676
2022-04-16T14:20:00Z,3.278818
2022-04-16T14:30:00Z,3.604634
2022-04-16T14:40:00Z,3.943867
2022-04-16T14:50:00Z,4.294161
2022-04-16T15:00:00Z,4.653080
2022-04-16T15:10:00Z,5.018127
2022-04-16T15:20:00Z,5.386759
2022-04-16T15:30:00Z,5.756407
2022-04-16T15:40:00Z,6.124495
2022-04-16T15:50:00Z,6.488457
2022-04-16T16:00:00Z,6.845755
2022-04-16T16:10:00Z,7.193901
2022-04-16T16:20:00Z,7.530470
2022-04-16T16:30:00Z,7.853119
2022-04-16T16:40:00Z,8.159606
2022-04-16T16:50:00Z,8.447803
2022-04-16T17:00:00Z,8.715714
2022-04-16T17:10:00Z,8.961486
2022-04-16T17:20:00Z,9.183424
2022-04-16T17:30:00Z,9.380005
2022-04-16T17:40:00Z,9.549884
2022-04-16T17:50:00Z,9.691908
2022-04-16T18:00:00Z,9.805123
2022-04-16T18:10:00Z,9.888779
2022-04-16T18:20:00Z,9.942336
2022-04-16T18:30:00Z,9.965470
2022-04-16T18:40:00Z,9.958070
2022-04-16T18:50:00Z,9.920245
2022-04-16T19:00:00Z,9.852318
2022-04-16T19:10:00Z,9.754826
2022-04-16T19:20:00Z,9.628515
2022-04-16T19:30:00Z,9.474333
2022-04-16T19:40:00Z,9.293426
2022-04-16T19:50:00Z,9.087130
2022-04-16T20:00:00Z,8.856954
2022-04-16T20:10:00Z,8.604580
2022-04-16T20:20:00Z,8.331841
2022-04-16T20:30:00Z,8.040713
2022-04-16T20:40:00Z,7.733298
2022-04-16T20:50:00Z,7.411812
2022-04-16T21:00:00Z,7.078564
2022-04-16T21:10:00Z,6.735944
2022-04-16T21:20:00Z,6.386402
2022-04-16T21:30:00Z,6.032433
2022-04-16T21:40:00Z,5.676557
2022-04-16T21:50:00Z,5.321304
2022-04-16T22:00:00Z,4.969189
2022-04-16T22:10:00Z,4.622701
2022-04-16T22:20:00Z,4.284284
2022-04-16T22:30:00Z,3.956313
2022-04-16T22:40:00Z,3.641086
2022-04-16T22:50:00Z,3.340800
2022-04-16T23:00:00Z,3.057542
2022-04-16T23:10:00Z,2.793267
2022-04-16T23:20:00Z,2.549789
2022-04-16T23:30:00Z,2.328768
2022-04-16T23:40:00Z,2.131695
2022-04-16T23:50:00Z,1.959885
2022-04-17T00:00:00Z,1.814464
2022-04-17T00:10:00Z,1.696367
2022-04-17T00:20:00Z,1.606324
2022-04-17T00:30:00Z,1.544861
2022-04-17T00:40:00Z,1.512296
2022-04-17T00:50:00Z,1.508731
2022-04-17T01:00:00Z,1.534061
2022-04-17T01:10:00Z,1.587968
2022-04-17T01:20:00Z,1.669926
2022-04-17T01:30:00Z,1.779205
2022-04-17T01:40:00Z,1.914878
2022-04-17T01:50:00Z,2.075825
2022-04-17T02:00:00Z,2.260745
2022-04-17T02:10:00Z,2.468164
2022-04-17T02:20:00Z,2.696445
2022-04-17T02:30:00Z,2.943803
2022-04-17T02:40:00Z,3.208316
2022-04-17T02:50:00Z,3.487939
2022-04-17T03:00:00Z,3.780521
2022-04-17T03:10:00Z,4.083821
2022-04-17T03:20:00Z,4.395522
2022-04-17T03:30:00Z,4.713250
2022-04-17T03:40:00Z,5.034592
2022-04-17T03:50:00Z,5.357110
2022-04-17T04:00:00Z,5.678365
2022-04-17T04:10:00Z,5.995929
2022-04-17T04:20:00Z,6.307408
2022-04-17T04:30:00Z,6.610455
2022-04-17T04:40:00Z,6.902788
2022-04-17T04:50:00Z,7.182210
2022-04-17T05:00:00Z,7.446621
2022-04-17T05:10:00Z,7.694037
2022-04-17T05:20:00Z,7.922600
2022-04-17T05:30:00Z,8.130595
2022-04-17T05:40:00Z,8.316462
2022-04-17T05:50:00Z,8.478807
2022-04-17T06:00:00Z,8.616409
2022-04-17T06:10:00Z,8.728236
2022-04-17T06:20:00Z,8.813444
2022-04-17T06:30:00Z,8.871389
2022-04-17T06:40:00Z,8.901630
2022-04-17T06:50:00Z,8.903932
2022-04-17T07:00:00Z,8.878265
2022-04-17T07:10:00Z,8.824810
2022-04-17T07:20:00Z,8.743952
2022-04-17T07:30:00Z,8.636278
2022-04-17T07:40:00Z,8.502577
2022-04-17T07:50:00Z,8.343828
2022-04-17T08:00:00Z,8.161197
2022-04-17T08:10:00Z,7.956026
2022-04-17T08:20:00Z,7.729825
2022-04-17T08:30:00Z,7.484261
2022-04-17T08:40:00Z,7.221141
2022-04-17T08:50:00Z,6.942406
2022-04-17T09:00:00Z,6.650113
2022-04-17T09:10:00Z,6.346418
2022-04-17T09:20:00Z,6.033564
2022-04-17T09:30:00Z,5.713863
2022-04-17T09:40:00Z,5.389678
2022-04-17T09:50:00Z,5.063408
2022-04-17T10:00:00Z,4.737468
2022-04-17T10:10:00Z,4.414274
2022-04-17T10:20:00Z,4.096224
2022-04-17T10:30:00Z,3.785679
2022-04-17T10:40:00Z,3.484949
2022-04-17T10:50:00Z,3.196273
2022-04-17T11:00:00Z,2.921805
2022-04-17T11:10:00Z,2.663599
2022-04-17T11:20:00Z,2.423590
2022-04-17T11:30:00Z,2.203584
2022-04-17T11:40:00Z,2.005242
2022-04-17T11:50:00Z,1.830072
2022-04-17T12:00:00Z,1.679413
2022-04-17T12:10:00Z,1.554429
2022-04-17T12:20:00Z,1.456098
2022-04-17T12:30:00Z,1.385206
2022-04-17T12:40:00Z,1.342344
2022-04-17T12:50:00Z,1.327899
2022-04-17T13:00:00Z,1.342052
2022-04-17T13:10:00Z,1.384782
2022-04-17T13:20:00Z,1.455859
2022-04-17T13:30:00Z,1.554850
2022-04-17T13:40:00Z,1.681121
2022-04-17T13:50:00Z,1.833842
2022-04-17T14:00:00Z,2.011993
2022-04-17T14:10:00Z,2.214369
2022-04-17T14:20:00Z,2.439594
2022-04-17T14:30:00Z,2.686125
2022-04-17T14:40:00Z,2.952268
2022-04-17T14:50:00Z,3.236187
2022-04-17T15:00:00Z,3.535917
2022-04-17T15:10:00Z,3.849384
2022-04-17T15:20:00Z,4.174412
2022-04-17T15:30:00Z,4.508743
2022-04-17T15:40:00Z,4.850052
2022-04-17T15:50:00Z,5.195967
2022-04-17T16:00:00Z,5.544080
2022-04-17T16:10:00Z,5.891971
2022-04-17T16:20:00Z,6.237219
2022-04-17T16:30:00Z,6.577423
2022-04-17T16:40:00Z,6.910222
2022-04-17T16:50:00Z,7.233304
2022-04-17T17:00:00Z,7.544431
2022-04-17T17:10:00Z,7.841448
2022-04-17T17:20:00Z,8.122303
2022-04-17T17:30:00Z,8.385061
2022-04-17T17:40:00Z,8.627916
2022-04-17T17:50:00Z,8.849205
2022-04-17T18:00:00Z,9.047418
2022-04-17T18:10:00Z,9.221213
2022-04-17T18:20:00Z,9.369420
2022-04-17T18:30:00Z,9.491053
2022-04-17T18:40:00Z,9.585317
2022-04-17T18:50:00Z,9.651608
2022-04-17T19:00:00Z,9.689526
2022-04-17T19:10:00Z,9.698868
2022-04-17T19:20:00Z,9.679639
2022-04-17T19:30:00Z,9.632042
2022-04-17T19:40:00Z,9.556482
2022-04-17T19:50:00Z,9.453564
2022-04-17T20:00:00Z,9.324084
2022-04-17T20:10:00Z,9.169023
2022-04-17T20:20:00Z,8.989545
2022-04-17T20:30:00Z,8.786983
2022-04-17T20:40:00Z,8.562831
2022-04-17T20:50:00Z,8.318733
2022-04-17T21:00:00Z,8.056471
2022-04-17T21:10:00Z,7.777951
2022-04-17T21:20:00Z,7.485193
2022-04-17T21:30:00Z,7.180307
2022-04-17T21:40:00Z,6.865490
2022-04-17T21:50:00Z,6.543000
2022-04-17T22:00:00Z,6.215143
2022-04-17T22:10:00Z,5.884260
2022-04-17T22:20:00Z,5.552702
2022-04-17T22:30:00Z,5.222821
2022-04-17T22:40:00Z,4.896948
2022-04-17T22:50:00Z,4.577379
2022-04-17T23:00:00Z,4.266356
2022-04-17T23:10:00Z,3.966055
2022-04-17T23:20:00Z,3.678563
2022-04-17T23:30:00Z,3.405873
2022-04-17T23:40:00Z,3.149861
2022-04-17T23:50:00Z,2.912277
