time_s,ligand_uM,fluorescence
0.00000000,2.00000000,0.06528257
0.00050633,2.00000000,0.07218882
0.00101266,2.00000000,0.07429010
0.00151899,2.00000000,0.09068916
0.00202532,2.00000000,0.08443241
0.00253165,2.00000000,0.08356186
0.00303797,2.00000000,0.09064149
0.00354430,2.00000000,0.08705714
0.00405063,2.00000000,0.09135902
0.00455696,2.00000000,0.10264407
0.00506329,2.00000000,0.10590656
0.00556962,2.00000000,0.10280905
0.00607595,2.00000000,0.08551039
0.00658228,2.00000000,0.10561810
0.00708861,2.00000000,0.08910453
0.00759494,2.00000000,0.10004502
0.00810127,2.00000000,0.11205215
0.00860759,2.00000000,0.11281829
0.00911392,2.00000000,0.09986103
0.00962025,2.00000000,0.10705099
0.01012658,2.00000000,0.11713043
0.01063291,2.00000000,0.12024313
0.01113924,2.00000000,0.11477213
0.01164557,2.00000000,0.10817048
0.01215190,2.00000000,0.09885523
0.01265823,2.00000000,0.11688674
0.01316456,2.00000000,0.13038203
0.01367089,2.00000000,0.11661734
0.01417722,2.00000000,0.11821624
0.01468354,2.00000000,0.13012352
0.01518987,2.00000000,0.12103113
0.01569620,2.00000000,0.13360094
0.01620253,2.00000000,0.12293836
0.01670886,2.00000000,0.11616450
0.01721519,2.00000000,0.11853793
0.01772152,2.00000000,0.13987415
0.01822785,2.00000000,0.13731558
0.01873418,2.00000000,0.14318749
0.01924051,2.00000000,0.12743726
0.01974684,2.00000000,0.12557225
0.02025316,2.00000000,0.15016779
0.02075949,2.00000000,0.13217608
0.02126582,2.00000000,0.13511071
0.02177215,2.00000000,0.14231142
0.02227848,2.00000000,0.13970734
0.02278481,2.00000000,0.14197856
0.02329114,2.00000000,0.13368865
0.02379747,2.00000000,0.12960212
0.02430380,2.00000000,0.14534980
0.02481013,2.00000000,0.12718872
0.02531646,2.00000000,0.14789181
0.02582278,2.00000000,0.16687354
0.02632911,2.00000000,0.14872496
0.02683544,2.00000000,0.13679987
0.02734177,2.00000000,0.14180509
0.02784810,2.00000000,0.15655358
0.02835443,2.00000000,0.15389975
0.02886076,2.00000000,0.14745353
0.02936709,2.00000000,0.15790971
0.02987342,2.00000000,0.15964621
0.03037975,2.00000000,0.14084648
0.03088608,2.00000000,0.14806074
0.03139241,2.00000000,0.15552773
0.03189873,2.00000000,0.15876247
0.03240506,2.00000000,0.14797429
0.03291139,2.00000000,0.16770665
0.03341772,2.00000000,0.17314869
0.03392405,2.00000000,0.15742454
0.03443038,2.00000000,0.16936474
0.03493671,2.00000000,0.17181004
0.03544304,2.00000000,0.17149635
0.03594937,2.00000000,0.16600790
0.03645570,2.00000000,0.16159795
0.03696203,2.00000000,0.15246278
0.03746835,2.00000000,0.17680382
0.03797468,2.00000000,0.18448626
0.03848101,2.00000000,0.18102339
0.03898734,2.00000000,0.19345617
0.03949367,2.00000000,0.17669567
0.04000000,2.00000000,0.18212503
0.04200000,2.00000000,0.17973115
0.04400000,2.00000000,0.18547840
0.04600000,2.00000000,0.21710397
0.04800000,2.00000000,0.19085586
0.05000000,2.00000000,0.17224264
0.05200000,2.00000000,0.19926522
0.05400000,2.00000000,0.21572261
0.05600000,2.00000000,0.22483589
0.05800000,2.00000000,0.21056255
0.06000000,2.00000000,0.21447799
0.06200000,2.00000000,0.21335262
0.06400000,2.00000000,0.23936195
0.06600000,2.00000000,0.23018188
0.06800000,2.00000000,0.21938871
0.07000000,2.00000000,0.24093682
0.07200000,2.00000000,0.24941315
0.07400000,2.00000000,0.23057341
0.07600000,2.00000000,0.25290536
0.07800000,2.00000000,0.24268883
0.08000000,2.00000000,0.23597946
0.08200000,2.00000000,0.26046382
0.08400000,2.00000000,0.25005406
0.08600000,2.00000000,0.24783414
0.08800000,2.00000000,0.26687707
0.09000000,2.00000000,0.28361301
0.09200000,2.00000000,0.28063622
0.09400000,2.00000000,0.27602637
0.09600000,2.00000000,0.26740213
0.09800000,2.00000000,0.28196347
0.10000000,2.00000000,0.29276360
0.10200000,2.00000000,0.28334186
0.10400000,2.00000000,0.28149154
0.10600000,2.00000000,0.28592796
0.10800000,2.00000000,0.31155836
0.11000000,2.00000000,0.29131377
0.11200000,2.00000000,0.29145913
0.11400000,2.00000000,0.30737859
0.11600000,2.00000000,0.31296624
0.11800000,2.00000000,0.31645764
0.12000000,2.00000000,0.30166400
0.12200000,2.00000000,0.32535072
0.12400000,2.00000000,0.31137167
0.12600000,2.00000000,0.33205878
0.12800000,2.00000000,0.31600252
0.13000000,2.00000000,0.32768557
0.13200000,2.00000000,0.34815127
0.13400000,2.00000000,0.34099845
0.13600000,2.00000000,0.34019359
0.13800000,2.00000000,0.35079041
0.14000000,2.00000000,0.33886156
0.14200000,2.00000000,0.32828051
0.14400000,2.00000000,0.34324566
0.14600000,2.00000000,0.33713118
0.14800000,2.00000000,0.34273372
0.15000000,2.00000000,0.36468867
0.15200000,2.00000000,0.34948297
0.15400000,2.00000000,0.34530049
0.15600000,2.00000000,0.36789780
0.15800000,2.00000000,0.36033753
0.16000000,2.00000000,0.36159510
0.16200000,2.00000000,0.36820734
0.16400000,2.00000000,0.37991245
0.16600000,2.00000000,0.38868027
0.16800000,2.00000000,0.40300562
0.17000000,2.00000000,0.40088988
0.17200000,2.00000000,0.38976087
0.17400000,2.00000000,0.38600878
0.17600000,2.00000000,0.40254751
0.17800000,2.00000000,0.37934718
0.18000000,2.00000000,0.41373243
0.18200000,2.00000000,0.41594302
0.18400000,2.00000000,0.40387253
0.18600000,2.00000000,0.39318836
0.18800000,2.00000000,0.40849664
0.19000000,2.00000000,0.41267849
0.19200000,2.00000000,0.42088601
0.19400000,2.00000000,0.41494991
0.19600000,2.00000000,0.42414008
0.19800000,2.00000000,0.42670392
0.20000000,2.00000000,0.42093043
0.20500000,2.00000000,0.42402291
0.21253165,2.00000000,0.43076408
0.22006329,2.00000000,0.44883041
0.22759494,2.00000000,0.48343267
0.23512658,2.00000000,0.47066031
0.24265823,2.00000000,0.46534888
0.25018987,2.00000000,0.49156239
0.25772152,2.00000000,0.49574120
0.26525316,2.00000000,0.50871160
0.27278481,2.00000000,0.49483851
0.28031646,2.00000000,0.51930432
0.28784810,2.00000000,0.54933661
0.29537975,2.00000000,0.54279195
0.30291139,2.00000000,0.53250811
0.31044304,2.00000000,0.56025465
0.31797468,2.00000000,0.57410808
0.32550633,2.00000000,0.56878193
0.33303797,2.00000000,0.59046562
0.34056962,2.00000000,0.58403891
0.34810127,2.00000000,0.58779533
0.35563291,2.00000000,0.61512732
0.36316456,2.00000000,0.61658611
0.37069620,2.00000000,0.61206611
0.37822785,2.00000000,0.64179361
0.38575949,2.00000000,0.63847194
0.39329114,2.00000000,0.64941294
0.40082278,2.00000000,0.65010645
0.40835443,2.00000000,0.66061661
0.41588608,2.00000000,0.68842393
0.42341772,2.00000000,0.68648743
0.43094937,2.00000000,0.67145742
0.43848101,2.00000000,0.68732549
0.44601266,2.00000000,0.70340382
0.45354430,2.00000000,0.71329519
0.46107595,2.00000000,0.72343857
0.46860759,2.00000000,0.72030426
0.47613924,2.00000000,0.72687397
0.48367089,2.00000000,0.73307188
0.49120253,2.00000000,0.75127567
0.49873418,2.00000000,0.73856691
0.50626582,2.00000000,0.75490271
0.51379747,2.00000000,0.78523242
0.52132911,2.00000000,0.75885310
0.52886076,2.00000000,0.77372381
0.53639241,2.00000000,0.76524380
0.54392405,2.00000000,0.78190313
0.55145570,2.00000000,0.78376916
0.55898734,2.00000000,0.79319726
0.56651899,2.00000000,0.80412243
0.57405063,2.00000000,0.82441286
0.58158228,2.00000000,0.81625631
0.58911392,2.00000000,0.83268898
0.59664557,2.00000000,0.83252303
0.60417722,2.00000000,0.81724494
0.61170886,2.00000000,0.82958466
0.61924051,2.00000000,0.84220360
0.62677215,2.00000000,0.85927948
0.63430380,2.00000000,0.84059709
0.64183544,2.00000000,0.86490690
0.64936709,2.00000000,0.87942035
0.65689873,2.00000000,0.87551076
0.66443038,2.00000000,0.88275810
0.67196203,2.00000000,0.87293027
0.67949367,2.00000000,0.90603942
0.68702532,2.00000000,0.88731563
0.69455696,2.00000000,0.88252968
0.70208861,2.00000000,0.92210453
0.70962025,2.00000000,0.90519611
0.71715190,2.00000000,0.92929048
0.72468354,2.00000000,0.92258390
0.73221519,2.00000000,0.93205035
0.73974684,2.00000000,0.92065885
0.74727848,2.00000000,0.92771007
0.75481013,2.00000000,0.93715687
0.76234177,2.00000000,0.93653102
0.76987342,2.00000000,0.93907018
0.77740506,2.00000000,0.94593534
0.78493671,2.00000000,0.95258176
0.79246835,2.00000000,0.96912039
0.80000000,2.00000000,0.95819955
0.00000000,4.00000000,0.09820186
0.00050633,4.00000000,0.07848992
0.00101266,4.00000000,0.05677735
0.00151899,4.00000000,0.07551835
0.00202532,4.00000000,0.09011736
0.00253165,4.00000000,0.10233802
0.00303797,4.00000000,0.09504410
0.00354430,4.00000000,0.10295313
0.00405063,4.00000000,0.11615151
0.00455696,4.00000000,0.10566927
0.00506329,4.00000000,0.09634761
0.00556962,4.00000000,0.09306668
0.00607595,4.00000000,0.12728089
0.00658228,4.00000000,0.10588524
0.00708861,4.00000000,0.11566528
0.00759494,4.00000000,0.10273133
0.00810127,4.00000000,0.11427805
0.00860759,4.00000000,0.14245475
0.00911392,4.00000000,0.13238004
0.00962025,4.00000000,0.13480675
0.01012658,4.00000000,0.11203337
0.01063291,4.00000000,0.13590310
0.01113924,4.00000000,0.14990257
0.01164557,4.00000000,0.13332510
0.01215190,4.00000000,0.13894540
0.01265823,4.00000000,0.16532719
0.01316456,4.00000000,0.16159449
0.01367089,4.00000000,0.15337407
0.01417722,4.00000000,0.16639336
0.01468354,4.00000000,0.14608236
0.01518987,4.00000000,0.16237488
0.01569620,4.00000000,0.15913635
0.01620253,4.00000000,0.15777440
0.01670886,4.00000000,0.18592412
0.01721519,4.00000000,0.18105968
0.01772152,4.00000000,0.18053333
0.01822785,4.00000000,0.18268749
0.01873418,4.00000000,0.18181889
0.01924051,4.00000000,0.17942631
0.01974684,4.00000000,0.18008793
0.02025316,4.00000000,0.17349241
0.02075949,4.00000000,0.18761689
0.02126582,4.00000000,0.18085405
0.02177215,4.00000000,0.20136728
0.02227848,4.00000000,0.18508588
0.02278481,4.00000000,0.20004003
0.02329114,4.00000000,0.18077541
0.02379747,4.00000000,0.20795408
0.02430380,4.00000000,0.19545460
0.02481013,4.00000000,0.21386468
0.02531646,4.00000000,0.19531471
0.02582278,4.00000000,0.22223263
0.02632911,4.00000000,0.21142294
0.02683544,4.00000000,0.21769276
0.02734177,4.00000000,0.20268166
0.02784810,4.00000000,0.21559661
0.02835443,4.00000000,0.20986422
0.02886076,4.00000000,0.22373234
0.02936709,4.00000000,0.21811449
0.02987342,4.00000000,0.21108329
0.03037975,4.00000000,0.22764783
0.03088608,4.00000000,0.22472580
0.03139241,4.00000000,0.22009088
0.03189873,4.00000000,0.21959571
0.03240506,4.00000000,0.22232685
0.03291139,4.00000000,0.22751801
0.03341772,4.00000000,0.23580425
0.03392405,4.00000000,0.24566901
0.03443038,4.00000000,0.23799888
0.03493671,4.00000000,0.23977504
0.03544304,4.00000000,0.23967598
0.03594937,4.00000000,0.23856752
0.03645570,4.00000000,0.24702142
0.03696203,4.00000000,0.25758390
0.03746835,4.00000000,0.24561291
0.03797468,4.00000000,0.24165399
0.03848101,4.00000000,0.26421433
0.03898734,4.00000000,0.26214187
0.03949367,4.00000000,0.24847685
0.04000000,4.00000000,0.25713048
0.04200000,4.00000000,0.26995713
0.04400000,4.00000000,0.26724416
0.04600000,4.00000000,0.27621093
0.04800000,4.00000000,0.29260900
0.05000000,4.00000000,0.29381204
0.05200000,4.00000000,0.31987570
0.05400000,4.00000000,0.30407716
0.05600000,4.00000000,0.31762938
0.05800000,4.00000000,0.31270243
0.06000000,4.00000000,0.32622087
0.06200000,4.00000000,0.34147501
0.06400000,4.00000000,0.33657227
0.06600000,4.00000000,0.34152116
0.06800000,4.00000000,0.34248352
0.07000000,4.00000000,0.36304084
0.07200000,4.00000000,0.35858579
0.07400000,4.00000000,0.36727291
0.07600000,4.00000000,0.37655676
0.07800000,4.00000000,0.37142585
0.08000000,4.00000000,0.37378733
0.08200000,4.00000000,0.38198956
0.08400000,4.00000000,0.39135514
0.08600000,4.00000000,0.41227559
0.08800000,4.00000000,0.42010382
0.09000000,4.00000000,0.41689674
0.09200000,4.00000000,0.41658747
0.09400000,4.00000000,0.42137947
0.09600000,4.00000000,0.43395930
0.09800000,4.00000000,0.42921424
0.10000000,4.00000000,0.43420159
0.10200000,4.00000000,0.43171192
0.10400000,4.00000000,0.43936192
0.10600000,4.00000000,0.44523562
0.10800000,4.00000000,0.46497549
0.11000000,4.00000000,0.47068451
0.11200000,4.00000000,0.46975727
0.11400000,4.00000000,0.45912147
0.11600000,4.00000000,0.49947980
0.11800000,4.00000000,0.48168990
0.12000000,4.00000000,0.48984286
0.12200000,4.00000000,0.50745701
0.12400000,4.00000000,0.49028810
0.12600000,4.00000000,0.47610254
0.12800000,4.00000000,0.48045041
0.13000000,4.00000000,0.51546739
0.13200000,4.00000000,0.52204400
0.13400000,4.00000000,0.51587372
0.13600000,4.00000000,0.53148208
0.13800000,4.00000000,0.53129696
0.14000000,4.00000000,0.53056968
0.14200000,4.00000000,0.53432246
0.14400000,4.00000000,0.53929477
0.14600000,4.00000000,0.54178430
0.14800000,4.00000000,0.55141132
0.15000000,4.00000000,0.58266132
0.15200000,4.00000000,0.57622464
0.15400000,4.00000000,0.59848929
0.15600000,4.00000000,0.58007152
0.15800000,4.00000000,0.56886306
0.16000000,4.00000000,0.57583912
0.16200000,4.00000000,0.58079018
0.16400000,4.00000000,0.57561683
0.16600000,4.00000000,0.59837330
0.16800000,4.00000000,0.60012554
0.17000000,4.00000000,0.58978027
0.17200000,4.00000000,0.60457051
0.17400000,4.00000000,0.65151854
0.17600000,4.00000000,0.60883317
0.17800000,4.00000000,0.61882075
0.18000000,4.00000000,0.61431934
0.18200000,4.00000000,0.63640375
0.18400000,4.00000000,0.65762780
0.18600000,4.00000000,0.63063487
0.18800000,4.00000000,0.65147339
0.19000000,4.00000000,0.66304848
0.19200000,4.00000000,0.65496816
0.19400000,4.00000000,0.65997506
0.19600000,4.00000000,0.66022426
0.19800000,4.00000000,0.64060550
0.20000000,4.00000000,0.66802326
0.20500000,4.00000000,0.66666471
0.21253165,4.00000000,0.69827046
0.22006329,4.00000000,0.70356228
0.22759494,4.00000000,0.71231777
0.23512658,4.00000000,0.74434017
0.24265823,4.00000000,0.74917310
0.25018987,4.00000000,0.76245899
0.25772152,4.00000000,0.76542544
0.26525316,4.00000000,0.79072736
0.27278481,4.00000000,0.80127879
0.28031646,4.00000000,0.81936532
0.28784810,4.00000000,0.81039104
0.29537975,4.00000000,0.84955500
0.30291139,4.00000000,0.86260779
0.31044304,4.00000000,0.85050383
0.31797468,4.00000000,0.86996993
0.32550633,4.00000000,0.89948904
0.33303797,4.00000000,0.90369339
0.34056962,4.00000000,0.90868541
0.34810127,4.00000000,0.93506231
0.35563291,4.00000000,0.92941133
0.36316456,4.00000000,0.95167738
0.37069620,4.00000000,0.95505956
0.37822785,4.00000000,0.97867631
0.38575949,4.00000000,0.98876445
0.39329114,4.00000000,0.99005241
0.40082278,4.00000000,1.00701518
0.40835443,4.00000000,1.01945398
0.41588608,4.00000000,1.01743585
0.42341772,4.00000000,1.03827591
0.43094937,4.00000000,1.04343778
0.43848101,4.00000000,1.04769085
0.44601266,4.00000000,1.06773826
0.45354430,4.00000000,1.06818346
0.46107595,4.00000000,1.08617821
0.46860759,4.00000000,1.08752882
0.47613924,4.00000000,1.07923558
0.48367089,4.00000000,1.08792524
0.49120253,4.00000000,1.11548146
0.49873418,4.00000000,1.12276431
0.50626582,4.00000000,1.11665983
0.51379747,4.00000000,1.13690862
0.52132911,4.00000000,1.16936789
0.52886076,4.00000000,1.15156652
0.53639241,4.00000000,1.15603971
0.54392405,4.00000000,1.18235028
0.55145570,4.00000000,1.18000605
0.55898734,4.00000000,1.19067695
0.56651899,4.00000000,1.20876748
0.57405063,4.00000000,1.20965819
0.58158228,4.00000000,1.20227464
0.58911392,4.00000000,1.23069658
0.59664557,4.00000000,1.23349350
0.60417722,4.00000000,1.22615045
0.61170886,4.00000000,1.22628106
0.61924051,4.00000000,1.24531274
0.62677215,4.00000000,1.25020428
0.63430380,4.00000000,1.27223805
0.64183544,4.00000000,1.27051548
0.64936709,4.00000000,1.27475463
0.65689873,4.00000000,1.26319960
0.66443038,4.00000000,1.27759046
0.67196203,4.00000000,1.28141305
0.67949367,4.00000000,1.29233320
0.68702532,4.00000000,1.29375790
0.69455696,4.00000000,1.31361444
0.70208861,4.00000000,1.31990540
0.70962025,4.00000000,1.32577190
0.71715190,4.00000000,1.31266280
0.72468354,4.00000000,1.32326442
0.73221519,4.00000000,1.34569701
0.73974684,4.00000000,1.33508530
0.74727848,4.00000000,1.35921517
0.75481013,4.00000000,1.35541016
0.76234177,4.00000000,1.34617119
0.76987342,4.00000000,1.38130581
0.77740506,4.00000000,1.35163890
0.78493671,4.00000000,1.35998387
0.79246835,4.00000000,1.38146122
0.80000000,4.00000000,1.36927855
0.00000000,8.00000000,0.08017630
0.00050633,8.00000000,0.07911296
0.00101266,8.00000000,0.10455029
0.00151899,8.00000000,0.09646319
0.00202532,8.00000000,0.09014257
0.00253165,8.00000000,0.10385881
0.00303797,8.00000000,0.10139982
0.00354430,8.00000000,0.11346758
0.00405063,8.00000000,0.11768185
0.00455696,8.00000000,0.12577426
0.00506329,8.00000000,0.14730423
0.00556962,8.00000000,0.14991574
0.00607595,8.00000000,0.14303651
0.00658228,8.00000000,0.15881666
0.00708861,8.00000000,0.14550745
0.00759494,8.00000000,0.15893991
0.00810127,8.00000000,0.16983659
0.00860759,8.00000000,0.16772174
0.00911392,8.00000000,0.18353732
0.00962025,8.00000000,0.18661997
0.01012658,8.00000000,0.17382423
0.01063291,8.00000000,0.19128332
0.01113924,8.00000000,0.18850686
0.01164557,8.00000000,0.20770910
0.01215190,8.00000000,0.21035119
0.01265823,8.00000000,0.21036025
0.01316456,8.00000000,0.22212024
0.01367089,8.00000000,0.22918251
0.01417722,8.00000000,0.22256268
0.01468354,8.00000000,0.22773400
0.01518987,8.00000000,0.23654160
0.01569620,8.00000000,0.21365195
0.01620253,8.00000000,0.23285059
0.01670886,8.00000000,0.24754845
0.01721519,8.00000000,0.25144310
0.01772152,8.00000000,0.23264322
0.01822785,8.00000000,0.24691054
0.01873418,8.00000000,0.26217847
0.01924051,8.00000000,0.25681724
0.01974684,8.00000000,0.25125067
0.02025316,8.00000000,0.25592806
0.02075949,8.00000000,0.27136973
0.02126582,8.00000000,0.27159687
0.02177215,8.00000000,0.27328703
0.02227848,8.00000000,0.28846701
0.02278481,8.00000000,0.27503276
0.02329114,8.00000000,0.30351359
0.02379747,8.00000000,0.29242600
0.02430380,8.00000000,0.31880135
0.02481013,8.00000000,0.32044216
0.02531646,8.00000000,0.30191758
0.02582278,8.00000000,0.32331365
0.02632911,8.00000000,0.29977195
0.02683544,8.00000000,0.32040918
0.02734177,8.00000000,0.31621568
0.02784810,8.00000000,0.33637644
0.02835443,8.00000000,0.31245853
0.02886076,8.00000000,0.33651701
0.02936709,8.00000000,0.33577262
0.02987342,8.00000000,0.33779184
0.03037975,8.00000000,0.32029859
0.03088608,8.00000000,0.33199152
0.03139241,8.00000000,0.33943745
0.03189873,8.00000000,0.34704904
0.03240506,8.00000000,0.33567028
0.03291139,8.00000000,0.38457571
0.03341772,8.00000000,0.34221965
0.03392405,8.00000000,0.37098068
0.03443038,8.00000000,0.36951218
0.03493671,8.00000000,0.35866223
0.03544304,8.00000000,0.37029209
0.03594937,8.00000000,0.36031820
0.03645570,8.00000000,0.37972967
0.03696203,8.00000000,0.36854182
0.03746835,8.00000000,0.37749414
0.03797468,8.00000000,0.37587679
0.03848101,8.00000000,0.38155138
0.03898734,8.00000000,0.41044312
0.03949367,8.00000000,0.39467165
0.04000000,8.00000000,0.39057817
0.04200000,8.00000000,0.42518331
0.04400000,8.00000000,0.42315341
0.04600000,8.00000000,0.43019318
0.04800000,8.00000000,0.43891527
0.05000000,8.00000000,0.44360756
0.05200000,8.00000000,0.45979358
0.05400000,8.00000000,0.47461650
0.05600000,8.00000000,0.46824652
0.05800000,8.00000000,0.49044572
0.06000000,8.00000000,0.49070576
0.06200000,8.00000000,0.51264784
0.06400000,8.00000000,0.49631166
0.06600000,8.00000000,0.52645204
0.06800000,8.00000000,0.52381442
0.07000000,8.00000000,0.53000168
0.07200000,8.00000000,0.54486809
0.07400000,8.00000000,0.55426199
0.07600000,8.00000000,0.56963308
0.07800000,8.00000000,0.56452104
0.08000000,8.00000000,0.58288345
0.08200000,8.00000000,0.58024385
0.08400000,8.00000000,0.59506582
0.08600000,8.00000000,0.62793128
0.08800000,8.00000000,0.61973910
0.09000000,8.00000000,0.61432492
0.09200000,8.00000000,0.63119248
0.09400000,8.00000000,0.62674548
0.09600000,8.00000000,0.64018050
0.09800000,8.00000000,0.65277052
0.10000000,8.00000000,0.66071593
0.10200000,8.00000000,0.66209542
0.10400000,8.00000000,0.66575643
0.10600000,8.00000000,0.67076025
0.10800000,8.00000000,0.68122187
0.11000000,8.00000000,0.69655401
0.11200000,8.00000000,0.71355981
0.11400000,8.00000000,0.71408227
0.11600000,8.00000000,0.71294836
0.11800000,8.00000000,0.71483209
0.12000000,8.00000000,0.71076224
0.12200000,8.00000000,0.76244652
0.12400000,8.00000000,0.74121832
0.12600000,8.00000000,0.71989214
0.12800000,8.00000000,0.74708651
0.13000000,8.00000000,0.76097986
0.13200000,8.00000000,0.76707419
0.13400000,8.00000000,0.78282414
0.13600000,8.00000000,0.78115779
0.13800000,8.00000000,0.78539324
0.14000000,8.00000000,0.79920298
0.14200000,8.00000000,0.81040608
0.14400000,8.00000000,0.80080836
0.14600000,8.00000000,0.81497817
0.14800000,8.00000000,0.82806280
0.15000000,8.00000000,0.83098351
0.15200000,8.00000000,0.82575630
0.15400000,8.00000000,0.84397748
0.15600000,8.00000000,0.85198225
0.15800000,8.00000000,0.85998822
0.16000000,8.00000000,0.86272981
0.16200000,8.00000000,0.85489250
0.16400000,8.00000000,0.87218518
0.16600000,8.00000000,0.87553907
0.16800000,8.00000000,0.86589788
0.17000000,8.00000000,0.88863434
0.17200000,8.00000000,0.89015264
0.17400000,8.00000000,0.89131748
0.17600000,8.00000000,0.89105865
0.17800000,8.00000000,0.88906023
0.18000000,8.00000000,0.90882144
0.18200000,8.00000000,0.92311421
0.18400000,8.00000000,0.92756327
0.18600000,8.00000000,0.92391396
0.18800000,8.00000000,0.92013939
0.19000000,8.00000000,0.94317011
0.19200000,8.00000000,0.95558106
0.19400000,8.00000000,0.93760967
0.19600000,8.00000000,0.94958786
0.19800000,8.00000000,0.94880177
0.20000000,8.00000000,0.96560885
0.20500000,8.00000000,0.97262755
0.21253165,8.00000000,0.99701539
0.22006329,8.00000000,1.01548376
0.22759494,8.00000000,1.03205853
0.23512658,8.00000000,1.05006814
0.24265823,8.00000000,1.05530507
0.25018987,8.00000000,1.08604499
0.25772152,8.00000000,1.09462690
0.26525316,8.00000000,1.13774737
0.27278481,8.00000000,1.12345215
0.28031646,8.00000000,1.14799277
0.28784810,8.00000000,1.15914139
0.29537975,8.00000000,1.17407023
0.30291139,8.00000000,1.20178292
0.31044304,8.00000000,1.18946913
0.31797468,8.00000000,1.23261508
0.32550633,8.00000000,1.22549878
0.33303797,8.00000000,1.24343353
0.34056962,8.00000000,1.25470404
0.34810127,8.00000000,1.27503170
0.35563291,8.00000000,1.27705993
0.36316456,8.00000000,1.28138501
0.37069620,8.00000000,1.30011274
0.37822785,8.00000000,1.32145974
0.38575949,8.00000000,1.32370491
0.39329114,8.00000000,1.33873486
0.40082278,8.00000000,1.36556035
0.40835443,8.00000000,1.35309649
0.41588608,8.00000000,1.35716995
0.42341772,8.00000000,1.38264658
0.43094937,8.00000000,1.37933220
0.43848101,8.00000000,1.38394339
0.44601266,8.00000000,1.38932501
0.45354430,8.00000000,1.40418546
0.46107595,8.00000000,1.43249377
0.46860759,8.00000000,1.43326956
0.47613924,8.00000000,1.43123547
0.48367089,8.00000000,1.43376166
0.49120253,8.00000000,1.44580854
0.49873418,8.00000000,1.47501459
0.50626582,8.00000000,1.45935647
0.51379747,8.00000000,1.46981341
0.52132911,8.00000000,1.49218481
0.52886076,8.00000000,1.48513634
0.53639241,8.00000000,1.49727010
0.54392405,8.00000000,1.51245213
0.55145570,8.00000000,1.51663712
0.55898734,8.00000000,1.53460594
0.56651899,8.00000000,1.52105965
0.57405063,8.00000000,1.52266162
0.58158228,8.00000000,1.54133820
0.58911392,8.00000000,1.52356411
0.59664557,8.00000000,1.55283011
0.60417722,8.00000000,1.55090952
0.61170886,8.00000000,1.55352178
0.61924051,8.00000000,1.58332546
0.62677215,8.00000000,1.58975041
0.63430380,8.00000000,1.59151475
0.64183544,8.00000000,1.59051704
0.64936709,8.00000000,1.58548980
0.65689873,8.00000000,1.59088842
0.66443038,8.00000000,1.59948935
0.67196203,8.00000000,1.58752024
0.67949367,8.00000000,1.59943099
0.68702532,8.00000000,1.60062172
0.69455696,8.00000000,1.62640489
0.70208861,8.00000000,1.61134027
0.70962025,8.00000000,1.59335189
0.71715190,8.00000000,1.63122300
0.72468354,8.00000000,1.60651587
0.73221519,8.00000000,1.63672260
0.73974684,8.00000000,1.61617469
0.74727848,8.00000000,1.64024318
0.75481013,8.00000000,1.64845134
0.76234177,8.00000000,1.65154200
0.76987342,8.00000000,1.64347848
0.77740506,8.00000000,1.66294054
0.78493671,8.00000000,1.65148460
0.79246835,8.00000000,1.66700347
0.80000000,8.00000000,1.66709986
0.00000000,15.00000000,0.08474443
0.00050633,15.00000000,0.09629427
0.00101266,15.00000000,0.11912358
0.00151899,15.00000000,0.10387033
0.00202532,15.00000000,0.13545599
0.00253165,15.00000000,0.13989330
0.00303797,15.00000000,0.14770136
0.00354430,15.00000000,0.16310440
0.00405063,15.00000000,0.16929542
0.00455696,15.00000000,0.16451762
0.00506329,15.00000000,0.16974815
0.00556962,15.00000000,0.19847851
0.00607595,15.00000000,0.21039912
0.00658228,15.00000000,0.18595889
0.00708861,15.00000000,0.19534671
0.00759494,15.00000000,0.21953499
0.00810127,15.00000000,0.24474873
0.00860759,15.00000000,0.24670567
0.00911392,15.00000000,0.26986465
0.00962025,15.00000000,0.27528527
0.01012658,15.00000000,0.26028749
0.01063291,15.00000000,0.27925675
0.01113924,15.00000000,0.28500416
0.01164557,15.00000000,0.27326514
0.01215190,15.00000000,0.30830601
0.01265823,15.00000000,0.30081624
0.01316456,15.00000000,0.31221416
0.01367089,15.00000000,0.32515474
0.01417722,15.00000000,0.32775152
0.01468354,15.00000000,0.33317705
0.01518987,15.00000000,0.33618307
0.01569620,15.00000000,0.33247310
0.01620253,15.00000000,0.34066129
0.01670886,15.00000000,0.35943159
0.01721519,15.00000000,0.37655573
0.01772152,15.00000000,0.35679342
0.01822785,15.00000000,0.38399692
0.01873418,15.00000000,0.38726518
0.01924051,15.00000000,0.38076433
0.01974684,15.00000000,0.38141449
0.02025316,15.00000000,0.39446215
0.02075949,15.00000000,0.41788673
0.02126582,15.00000000,0.40203161
0.02177215,15.00000000,0.39920594
0.02227848,15.00000000,0.40622598
0.02278481,15.00000000,0.40093892
0.02329114,15.00000000,0.41451177
0.02379747,15.00000000,0.44630006
0.02430380,15.00000000,0.42565556
0.02481013,15.00000000,0.44397069
0.02531646,15.00000000,0.43728151
0.02582278,15.00000000,0.43477045
0.02632911,15.00000000,0.44781792
0.02683544,15.00000000,0.47533911
0.02734177,15.00000000,0.45500959
0.02784810,15.00000000,0.46065122
0.02835443,15.00000000,0.46909938
0.02886076,15.00000000,0.46766352
0.02936709,15.00000000,0.48443718
0.02987342,15.00000000,0.49599212
0.03037975,15.00000000,0.48076776
0.03088608,15.00000000,0.48067053
0.03139241,15.00000000,0.49465697
0.03189873,15.00000000,0.48847498
0.03240506,15.00000000,0.50565376
0.03291139,15.00000000,0.52624814
0.03341772,15.00000000,0.51440090
0.03392405,15.00000000,0.51052872
0.03443038,15.00000000,0.53503653
0.03493671,15.00000000,0.53726248
0.03544304,15.00000000,0.53087348
0.03594937,15.00000000,0.53901349
0.03645570,15.00000000,0.54180981
0.03696203,15.00000000,0.53561613
0.03746835,15.00000000,0.54756097
0.03797468,15.00000000,0.55095570
0.03848101,15.00000000,0.57174518
0.03898734,15.00000000,0.55024939
0.03949367,15.00000000,0.58485529
0.04000000,15.00000000,0.57798163
0.04200000,15.00000000,0.57417145
0.04400000,15.00000000,0.58715963
0.04600000,15.00000000,0.60664953
0.04800000,15.00000000,0.61429543
0.05000000,15.00000000,0.61555763
0.05200000,15.00000000,0.63738405
0.05400000,15.00000000,0.65398601
0.05600000,15.00000000,0.65869430
0.05800000,15.00000000,0.66684126
0.06000000,15.00000000,0.68635527
0.06200000,15.00000000,0.69894322
0.06400000,15.00000000,0.71404116
0.06600000,15.00000000,0.70815842
0.06800000,15.00000000,0.72302422
0.07000000,15.00000000,0.75357236
0.07200000,15.00000000,0.73913583
0.07400000,15.00000000,0.75128453
0.07600000,15.00000000,0.75996766
0.07800000,15.00000000,0.78888163
0.08000000,15.00000000,0.77893067
0.08200000,15.00000000,0.79354096
0.08400000,15.00000000,0.81705654
0.08600000,15.00000000,0.81266012
0.08800000,15.00000000,0.81397419
0.09000000,15.00000000,0.82816997
0.09200000,15.00000000,0.84173401
0.09400000,15.00000000,0.83508775
0.09600000,15.00000000,0.84755081
0.09800000,15.00000000,0.86612799
0.10000000,15.00000000,0.85924713
0.10200000,15.00000000,0.88269030
0.10400000,15.00000000,0.87208499
0.10600000,15.00000000,0.89821291
0.10800000,15.00000000,0.91621913
0.11000000,15.00000000,0.91351166
0.11200000,15.00000000,0.91693091
0.11400000,15.00000000,0.93147334
0.11600000,15.00000000,0.93156506
0.11800000,15.00000000,0.92709562
0.12000000,15.00000000,0.94661949
0.12200000,15.00000000,0.96859796
0.12400000,15.00000000,0.96134898
0.12600000,15.00000000,0.94116667
0.12800000,15.00000000,0.97174396
0.13000000,15.00000000,0.98761426
0.13200000,15.00000000,0.99150643
0.13400000,15.00000000,0.99536985
0.13600000,15.00000000,1.00642913
0.13800000,15.00000000,1.01524773
0.14000000,15.00000000,1.02939427
0.14200000,15.00000000,1.04558398
0.14400000,15.00000000,1.03871899
0.14600000,15.00000000,1.02404937
0.14800000,15.00000000,1.05521711
0.15000000,15.00000000,1.05373061
0.15200000,15.00000000,1.07220504
0.15400000,15.00000000,1.05492903
0.15600000,15.00000000,1.09526359
0.15800000,15.00000000,1.08023702
0.16000000,15.00000000,1.07674717
0.16200000,15.00000000,1.08953810
0.16400000,15.00000000,1.10763501
0.16600000,15.00000000,1.10218552
0.16800000,15.00000000,1.11281257
0.17000000,15.00000000,1.12631730
0.17200000,15.00000000,1.11269904
0.17400000,15.00000000,1.13894218
0.17600000,15.00000000,1.13926045
0.17800000,15.00000000,1.13928595
0.18000000,15.00000000,1.15528759
0.18200000,15.00000000,1.14958761
0.18400000,15.00000000,1.14198495
0.18600000,15.00000000,1.15885200
0.18800000,15.00000000,1.17693514
0.19000000,15.00000000,1.16430612
0.19200000,15.00000000,1.19021410
0.19400000,15.00000000,1.18414922
0.19600000,15.00000000,1.19439451
0.19800000,15.00000000,1.19001692
0.20000000,15.00000000,1.20473729
0.20500000,15.00000000,1.22276352
0.21253165,15.00000000,1.22888201
0.22006329,15.00000000,1.25285319
0.22759494,15.00000000,1.29304251
0.23512658,15.00000000,1.30594422
0.24265823,15.00000000,1.30182833
0.25018987,15.00000000,1.31182357
0.25772152,15.00000000,1.33747668
0.26525316,15.00000000,1.34430326
0.27278481,15.00000000,1.37054140
0.28031646,15.00000000,1.36507454
0.28784810,15.00000000,1.39849299
0.29537975,15.00000000,1.40474445
0.30291139,15.00000000,1.41423201
0.31044304,15.00000000,1.43710918
0.31797468,15.00000000,1.44467705
0.32550633,15.00000000,1.45243097
0.33303797,15.00000000,1.47952846
0.34056962,15.00000000,1.47306168
0.34810127,15.00000000,1.49839473
0.35563291,15.00000000,1.48508682
0.36316456,15.00000000,1.49663485
0.37069620,15.00000000,1.52233770
0.37822785,15.00000000,1.52279794
0.38575949,15.00000000,1.54417048
0.39329114,15.00000000,1.55371478
0.40082278,15.00000000,1.53902171
0.40835443,15.00000000,1.56165041
0.41588608,15.00000000,1.56787620
0.42341772,15.00000000,1.58693457
0.43094937,15.00000000,1.57001757
0.43848101,15.00000000,1.59130589
0.44601266,15.00000000,1.60464116
0.45354430,15.00000000,1.61423801
0.46107595,15.00000000,1.60923052
0.46860759,15.00000000,1.61872099
0.47613924,15.00000000,1.62414888
0.48367089,15.00000000,1.63495148
0.49120253,15.00000000,1.63347212
0.49873418,15.00000000,1.64174947
0.50626582,15.00000000,1.64762370
0.51379747,15.00000000,1.63860104
0.52132911,15.00000000,1.66167015
0.52886076,15.00000000,1.66438908
0.53639241,15.00000000,1.67525300
0.54392405,15.00000000,1.68012157
0.55145570,15.00000000,1.67961035
0.55898734,15.00000000,1.69657090
0.56651899,15.00000000,1.68471525
0.57405063,15.00000000,1.70716153
0.58158228,15.00000000,1.67463631
0.58911392,15.00000000,1.69287517
0.59664557,15.00000000,1.69580126
0.60417722,15.00000000,1.69605462
0.61170886,15.00000000,1.72591139
0.61924051,15.00000000,1.71944584
0.62677215,15.00000000,1.72683402
0.63430380,15.00000000,1.71880270
0.64183544,15.00000000,1.70924535
0.64936709,15.00000000,1.70968488
0.65689873,15.00000000,1.71093253
0.66443038,15.00000000,1.72649504
0.67196203,15.00000000,1.72980543
0.67949367,15.00000000,1.72895820
0.68702532,15.00000000,1.75460478
0.69455696,15.00000000,1.72805782
0.70208861,15.00000000,1.75234108
0.70962025,15.00000000,1.75910903
0.71715190,15.00000000,1.74054261
0.72468354,15.00000000,1.74068247
0.73221519,15.00000000,1.75035802
0.73974684,15.00000000,1.75459677
0.74727848,15.00000000,1.74509822
0.75481013,15.00000000,1.73425268
0.76234177,15.00000000,1.76660549
0.76987342,15.00000000,1.77042792
0.77740506,15.00000000,1.76455364
0.78493671,15.00000000,1.75443182
0.79246835,15.00000000,1.75866518
0.80000000,15.00000000,1.74658816
0.00000000,30.00000000,0.08224238
0.00050633,30.00000000,0.09615624
0.00101266,30.00000000,0.12501759
0.00151899,30.00000000,0.14867852
0.00202532,30.00000000,0.16015185
0.00253165,30.00000000,0.19951258
0.00303797,30.00000000,0.19749877
0.00354430,30.00000000,0.21505313
0.00405063,30.00000000,0.24249923
0.00455696,30.00000000,0.26293632
0.00506329,30.00000000,0.26205140
0.00556962,30.00000000,0.28168735
0.00607595,30.00000000,0.30889632
0.00658228,30.00000000,0.32885021
0.00708861,30.00000000,0.32268732
0.00759494,30.00000000,0.34699528
0.00810127,30.00000000,0.34833082
0.00860759,30.00000000,0.36167639
0.00911392,30.00000000,0.36386608
0.00962025,30.00000000,0.40531184
0.01012658,30.00000000,0.40091058
0.01063291,30.00000000,0.41121001
0.01113924,30.00000000,0.43345149
0.01164557,30.00000000,0.42726084
0.01215190,30.00000000,0.45898027
0.01265823,30.00000000,0.44876129
0.01316456,30.00000000,0.47084181
0.01367089,30.00000000,0.46173528
0.01417722,30.00000000,0.48300347
0.01468354,30.00000000,0.48397566
0.01518987,30.00000000,0.47004423
0.01569620,30.00000000,0.50681813
0.01620253,30.00000000,0.51323528
0.01670886,30.00000000,0.51923742
0.01721519,30.00000000,0.53130938
0.01772152,30.00000000,0.54235347
0.01822785,30.00000000,0.54050462
0.01873418,30.00000000,0.55427617
0.01924051,30.00000000,0.55439952
0.01974684,30.00000000,0.57063648
0.02025316,30.00000000,0.55090623
0.02075949,30.00000000,0.56816344
0.02126582,30.00000000,0.58092645
0.02177215,30.00000000,0.58958426
0.02227848,30.00000000,0.60235767
0.02278481,30.00000000,0.59569595
0.02329114,30.00000000,0.59729222
0.02379747,30.00000000,0.60165540
0.02430380,30.00000000,0.61994232
0.02481013,30.00000000,0.60060379
0.02531646,30.00000000,0.61938982
0.02582278,30.00000000,0.63087845
0.02632911,30.00000000,0.63425483
0.02683544,30.00000000,0.62379629
0.02734177,30.00000000,0.64097644
0.02784810,30.00000000,0.66140592
0.02835443,30.00000000,0.64315622
0.02886076,30.00000000,0.65056196
0.02936709,30.00000000,0.65106773
0.02987342,30.00000000,0.66517420
0.03037975,30.00000000,0.67092025
0.03088608,30.00000000,0.67326984
0.03139241,30.00000000,0.67255228
0.03189873,30.00000000,0.67683940
0.03240506,30.00000000,0.69981403
0.03291139,30.00000000,0.68293178
0.03341772,30.00000000,0.68102178
0.03392405,30.00000000,0.69053592
0.03443038,30.00000000,0.71488207
0.03493671,30.00000000,0.70770324
0.03544304,30.00000000,0.72237497
0.03594937,30.00000000,0.70613219
0.03645570,30.00000000,0.73370591
0.03696203,30.00000000,0.71900878
0.03746835,30.00000000,0.72281226
0.03797468,30.00000000,0.72166282
0.03848101,30.00000000,0.71154393
0.03898734,30.00000000,0.73168556
0.03949367,30.00000000,0.72917971
0.04000000,30.00000000,0.73925158
0.04200000,30.00000000,0.74461523
0.04400000,30.00000000,0.78221391
0.04600000,30.00000000,0.75650244
0.04800000,30.00000000,0.80576823
0.05000000,30.00000000,0.80087608
0.05200000,30.00000000,0.80780588
0.05400000,30.00000000,0.82098911
0.05600000,30.00000000,0.82777282
0.05800000,30.00000000,0.84085952
0.06000000,30.00000000,0.86190949
0.06200000,30.00000000,0.88335683
0.06400000,30.00000000,0.86507491
0.06600000,30.00000000,0.88240608
0.06800000,30.00000000,0.89610019
0.07000000,30.00000000,0.91614920
0.07200000,30.00000000,0.91105747
0.07400000,30.00000000,0.93521176
0.07600000,30.00000000,0.95258480
0.07800000,30.00000000,0.94115260
0.08000000,30.00000000,0.95818590
0.08200000,30.00000000,0.96683611
0.08400000,30.00000000,0.96732606
0.08600000,30.00000000,0.98552618
0.08800000,30.00000000,0.98768513
0.09000000,30.00000000,1.01563461
0.09200000,30.00000000,1.01708464
0.09400000,30.00000000,1.03037780
0.09600000,30.00000000,1.02399156
0.09800000,30.00000000,1.03767841
0.10000000,30.00000000,1.04819920
0.10200000,30.00000000,1.07492242
0.10400000,30.00000000,1.06792124
0.10600000,30.00000000,1.08709088
0.10800000,30.00000000,1.08582031
0.11000000,30.00000000,1.10317877
0.11200000,30.00000000,1.08032376
0.11400000,30.00000000,1.10359847
0.11600000,30.00000000,1.13050348
0.11800000,30.00000000,1.11887204
0.12000000,30.00000000,1.13561888
0.12200000,30.00000000,1.12362898
0.12400000,30.00000000,1.13404928
0.12600000,30.00000000,1.15917729
0.12800000,30.00000000,1.14697551
0.13000000,30.00000000,1.16337104
0.13200000,30.00000000,1.17985357
0.13400000,30.00000000,1.17106121
0.13600000,30.00000000,1.17675747
0.13800000,30.00000000,1.18536265
0.14000000,30.00000000,1.20797310
0.14200000,30.00000000,1.18789845
0.14400000,30.00000000,1.21242250
0.14600000,30.00000000,1.22678094
0.14800000,30.00000000,1.20880925
0.15000000,30.00000000,1.23829617
0.15200000,30.00000000,1.24297324
0.15400000,30.00000000,1.25494974
0.15600000,30.00000000,1.25179893
0.15800000,30.00000000,1.25433966
0.16000000,30.00000000,1.26667623
0.16200000,30.00000000,1.26513263
0.16400000,30.00000000,1.27488374
0.16600000,30.00000000,1.27123198
0.16800000,30.00000000,1.28950405
0.17000000,30.00000000,1.29100214
0.17200000,30.00000000,1.28565785
0.17400000,30.00000000,1.29650094
0.17600000,30.00000000,1.33299294
0.17800000,30.00000000,1.31061613
0.18000000,30.00000000,1.31639011
0.18200000,30.00000000,1.34232931
0.18400000,30.00000000,1.31818060
0.18600000,30.00000000,1.34343607
0.18800000,30.00000000,1.36007469
0.19000000,30.00000000,1.34103949
0.19200000,30.00000000,1.35565300
0.19400000,30.00000000,1.36349590
0.19600000,30.00000000,1.36589833
0.19800000,30.00000000,1.37893269
0.20000000,30.00000000,1.36635166
0.20500000,30.00000000,1.38497511
0.21253165,30.00000000,1.40238596
0.22006329,30.00000000,1.42889888
0.22759494,30.00000000,1.43345066
0.23512658,30.00000000,1.42881881
0.24265823,30.00000000,1.47462599
0.25018987,30.00000000,1.47513821
0.25772152,30.00000000,1.50474477
0.26525316,30.00000000,1.49280588
0.27278481,30.00000000,1.51785908
0.28031646,30.00000000,1.51836483
0.28784810,30.00000000,1.53946166
0.29537975,30.00000000,1.56419539
0.30291139,30.00000000,1.56821606
0.31044304,30.00000000,1.58740362
0.31797468,30.00000000,1.58155543
0.32550633,30.00000000,1.60214582
0.33303797,30.00000000,1.57144797
0.34056962,30.00000000,1.60801447
0.34810127,30.00000000,1.61461108
0.35563291,30.00000000,1.62511707
0.36316456,30.00000000,1.61306066
0.37069620,30.00000000,1.63023184
0.37822785,30.00000000,1.64801402
0.38575949,30.00000000,1.66312781
0.39329114,30.00000000,1.65957167
0.40082278,30.00000000,1.66921683
0.40835443,30.00000000,1.67842225
0.41588608,30.00000000,1.65054652
0.42341772,30.00000000,1.67894358
0.43094937,30.00000000,1.68664818
0.43848101,30.00000000,1.69708838
0.44601266,30.00000000,1.68473849
0.45354430,30.00000000,1.68004475
0.46107595,30.00000000,1.71574108
0.46860759,30.00000000,1.69467372
0.47613924,30.00000000,1.70488130
0.48367089,30.00000000,1.69861555
0.49120253,30.00000000,1.72975075
0.49873418,30.00000000,1.73496688
0.50626582,30.00000000,1.70238933
0.51379747,30.00000000,1.72598918
0.52132911,30.00000000,1.73544869
0.52886076,30.00000000,1.73195844
0.53639241,30.00000000,1.74257122
0.54392405,30.00000000,1.73280243
0.55145570,30.00000000,1.75895132
0.55898734,30.00000000,1.75131912
0.56651899,30.00000000,1.74219924
0.57405063,30.00000000,1.74381087
0.58158228,30.00000000,1.73823062
0.58911392,30.00000000,1.74813235
0.59664557,30.00000000,1.75116820
0.60417722,30.00000000,1.74511923
0.61170886,30.00000000,1.76515602
0.61924051,30.00000000,1.75891550
0.62677215,30.00000000,1.75994232
0.63430380,30.00000000,1.78098348
0.64183544,30.00000000,1.76950566
0.64936709,30.00000000,1.76824991
0.65689873,30.00000000,1.76837410
0.66443038,30.00000000,1.77941031
0.67196203,30.00000000,1.78809796
0.67949367,30.00000000,1.77013320
0.68702532,30.00000000,1.78056315
0.69455696,30.00000000,1.77329728
0.70208861,30.00000000,1.77385812
0.70962025,30.00000000,1.78358452
0.71715190,30.00000000,1.77327741
0.72468354,30.00000000,1.75404137
0.73221519,30.00000000,1.79671939
0.73974684,30.00000000,1.78274484
0.74727848,30.00000000,1.78004674
0.75481013,30.00000000,1.78476451
0.76234177,30.00000000,1.77497175
0.76987342,30.00000000,1.79089508
0.77740506,30.00000000,1.79167944
0.78493671,30.00000000,1.78593654
0.79246835,30.00000000,1.80708193
0.80000000,30.00000000,1.78275635
0.00000000,60.00000000,0.08445390
0.00050633,60.00000000,0.11408274
0.00101266,60.00000000,0.14205726
0.00151899,60.00000000,0.20907306
0.00202532,60.00000000,0.23684720
0.00253165,60.00000000,0.27961091
0.00303797,60.00000000,0.29665637
0.00354430,60.00000000,0.31677772
0.00405063,60.00000000,0.34790387
0.00455696,60.00000000,0.37909898
0.00506329,60.00000000,0.42142829
0.00556962,60.00000000,0.43119887
0.00607595,60.00000000,0.43978736
0.00658228,60.00000000,0.45577630
0.00708861,60.00000000,0.47873158
0.00759494,60.00000000,0.50705276
0.00810127,60.00000000,0.50055960
0.00860759,60.00000000,0.50242865
0.00911392,60.00000000,0.54448131
0.00962025,60.00000000,0.55192739
0.01012658,60.00000000,0.56072709
0.01063291,60.00000000,0.59343617
0.01113924,60.00000000,0.56389379
0.01164557,60.00000000,0.60539363
0.01215190,60.00000000,0.61012893
0.01265823,60.00000000,0.61222357
0.01316456,60.00000000,0.64001528
0.01367089,60.00000000,0.64013270
0.01417722,60.00000000,0.62813841
0.01468354,60.00000000,0.65238572
0.01518987,60.00000000,0.64787207
0.01569620,60.00000000,0.66210332
0.01620253,60.00000000,0.66622635
0.01670886,60.00000000,0.67393935
0.01721519,60.00000000,0.68971639
0.01772152,60.00000000,0.70646949
0.01822785,60.00000000,0.68485955
0.01873418,60.00000000,0.69870204
0.01924051,60.00000000,0.70169967
0.01974684,60.00000000,0.71644058
0.02025316,60.00000000,0.71701229
0.02075949,60.00000000,0.72489103
0.02126582,60.00000000,0.73163185
0.02177215,60.00000000,0.72845570
0.02227848,60.00000000,0.71453344
0.02278481,60.00000000,0.72317661
0.02329114,60.00000000,0.75687471
0.02379747,60.00000000,0.74011718
0.02430380,60.00000000,0.74804828
0.02481013,60.00000000,0.75690890
0.02531646,60.00000000,0.77220019
0.02582278,60.00000000,0.75697064
0.02632911,60.00000000,0.76192525
0.02683544,60.00000000,0.75880291
0.02734177,60.00000000,0.77034891
0.02784810,60.00000000,0.78703984
0.02835443,60.00000000,0.78195819
0.02886076,60.00000000,0.80971989
0.02936709,60.00000000,0.79911620
0.02987342,60.00000000,0.77839624
0.03037975,60.00000000,0.78878866
0.03088608,60.00000000,0.80505702
0.03139241,60.00000000,0.79789138
0.03189873,60.00000000,0.79464071
0.03240506,60.00000000,0.81974079
0.03291139,60.00000000,0.82243673
0.03341772,60.00000000,0.80818399
0.03392405,60.00000000,0.83281929
0.03443038,60.00000000,0.82145992
0.03493671,60.00000000,0.82913777
0.03544304,60.00000000,0.82986417
0.03594937,60.00000000,0.85068700
0.03645570,60.00000000,0.85604240
0.03696203,60.00000000,0.82913090
0.03746835,60.00000000,0.83842310
0.03797468,60.00000000,0.84580512
0.03848101,60.00000000,0.85270794
0.03898734,60.00000000,0.87300082
0.03949367,60.00000000,0.85577731
0.04000000,60.00000000,0.87078109
0.04200000,60.00000000,0.86983496
0.04400000,60.00000000,0.89251239
0.04600000,60.00000000,0.89975663
0.04800000,60.00000000,0.89375614
0.05000000,60.00000000,0.92397035
0.05200000,60.00000000,0.92742163
0.05400000,60.00000000,0.92789974
0.05600000,60.00000000,0.96388234
0.05800000,60.00000000,0.93912234
0.06000000,60.00000000,0.96535575
0.06200000,60.00000000,0.98387273
0.06400000,60.00000000,0.99808297
0.06600000,60.00000000,0.98005110
0.06800000,60.00000000,1.01364703
0.07000000,60.00000000,1.02196307
0.07200000,60.00000000,1.02956659
0.07400000,60.00000000,1.01320954
0.07600000,60.00000000,1.06103232
0.07800000,60.00000000,1.06207095
0.08000000,60.00000000,1.08347852
0.08200000,60.00000000,1.07741798
0.08400000,60.00000000,1.09985032
0.08600000,60.00000000,1.10950064
0.08800000,60.00000000,1.09956327
0.09000000,60.00000000,1.11389863
0.09200000,60.00000000,1.13704028
0.09400000,60.00000000,1.11301789
0.09600000,60.00000000,1.16205681
0.09800000,60.00000000,1.14357726
0.10000000,60.00000000,1.15642831
0.10200000,60.00000000,1.15640939
0.10400000,60.00000000,1.16563887
0.10600000,60.00000000,1.17042169
0.10800000,60.00000000,1.19567451
0.11000000,60.00000000,1.22084842
0.11200000,60.00000000,1.20117302
0.11400000,60.00000000,1.22584895
0.11600000,60.00000000,1.20400422
0.11800000,60.00000000,1.20652207
0.12000000,60.00000000,1.23375239
0.12200000,60.00000000,1.26013402
0.12400000,60.00000000,1.25885695
0.12600000,60.00000000,1.23534828
0.12800000,60.00000000,1.27650776
0.13000000,60.00000000,1.27626112
0.13200000,60.00000000,1.28001423
0.13400000,60.00000000,1.30979981
0.13600000,60.00000000,1.29829714
0.13800000,60.00000000,1.29379633
0.14000000,60.00000000,1.30941551
0.14200000,60.00000000,1.30900201
0.14400000,60.00000000,1.29467722
0.14600000,60.00000000,1.32777637
0.14800000,60.00000000,1.32514201
0.15000000,60.00000000,1.33635281
0.15200000,60.00000000,1.32755758
0.15400000,60.00000000,1.33474320
0.15600000,60.00000000,1.33916414
0.15800000,60.00000000,1.36393037
0.16000000,60.00000000,1.36491502
0.16200000,60.00000000,1.36723547
0.16400000,60.00000000,1.38031714
0.16600000,60.00000000,1.38119102
0.16800000,60.00000000,1.40307569
0.17000000,60.00000000,1.38339689
0.17200000,60.00000000,1.40330656
0.17400000,60.00000000,1.38524191
0.17600000,60.00000000,1.38770107
0.17800000,60.00000000,1.41152431
0.18000000,60.00000000,1.39591352
0.18200000,60.00000000,1.42319673
0.18400000,60.00000000,1.43296201
0.18600000,60.00000000,1.43678497
0.18800000,60.00000000,1.40991375
0.19000000,60.00000000,1.44545256
0.19200000,60.00000000,1.45131965
0.19400000,60.00000000,1.44889726
0.19600000,60.00000000,1.44460411
0.19800000,60.00000000,1.46937356
0.20000000,60.00000000,1.45760514
0.20500000,60.00000000,1.48055024
0.21253165,60.00000000,1.50432779
0.22006329,60.00000000,1.49590840
0.22759494,60.00000000,1.51687980
0.23512658,60.00000000,1.54012219
0.24265823,60.00000000,1.53393457
0.25018987,60.00000000,1.54484605
0.25772152,60.00000000,1.56596881
0.26525316,60.00000000,1.58697944
0.27278481,60.00000000,1.57763908
0.28031646,60.00000000,1.59288230
0.28784810,60.00000000,1.61734788
0.29537975,60.00000000,1.61768488
0.30291139,60.00000000,1.59967264
0.31044304,60.00000000,1.63882777
0.31797468,60.00000000,1.63576603
0.32550633,60.00000000,1.65094569
0.33303797,60.00000000,1.66168512
0.34056962,60.00000000,1.66035343
0.34810127,60.00000000,1.65441985
0.35563291,60.00000000,1.67005144
0.36316456,60.00000000,1.67599424
0.37069620,60.00000000,1.67562844
0.37822785,60.00000000,1.68479549
0.38575949,60.00000000,1.70901860
0.39329114,60.00000000,1.70945581
0.40082278,60.00000000,1.70530752
0.40835443,60.00000000,1.72634022
0.41588608,60.00000000,1.71340588
0.42341772,60.00000000,1.71787100
0.43094937,60.00000000,1.71195214
0.43848101,60.00000000,1.72596188
0.44601266,60.00000000,1.71961354
0.45354430,60.00000000,1.73152042
0.46107595,60.00000000,1.74099025
0.46860759,60.00000000,1.73555566
0.47613924,60.00000000,1.74622194
0.48367089,60.00000000,1.74359451
0.49120253,60.00000000,1.73744670
0.49873418,60.00000000,1.76096455
0.50626582,60.00000000,1.73628777
0.51379747,60.00000000,1.76499866
0.52132911,60.00000000,1.77219777
0.52886076,60.00000000,1.75885168
0.53639241,60.00000000,1.74352350
0.54392405,60.00000000,1.78270678
0.55145570,60.00000000,1.75909304
0.55898734,60.00000000,1.78132744
0.56651899,60.00000000,1.74753189
0.57405063,60.00000000,1.76645555
0.58158228,60.00000000,1.77492822
0.58911392,60.00000000,1.77106133
0.59664557,60.00000000,1.75020723
0.60417722,60.00000000,1.76864235
0.61170886,60.00000000,1.79253125
0.61924051,60.00000000,1.77196942
0.62677215,60.00000000,1.77622751
0.63430380,60.00000000,1.79477912
0.64183544,60.00000000,1.78688423
0.64936709,60.00000000,1.77640715
0.65689873,60.00000000,1.78904432
0.66443038,60.00000000,1.77957068
0.67196203,60.00000000,1.79523668
0.67949367,60.00000000,1.77883245
0.68702532,60.00000000,1.78575051
0.69455696,60.00000000,1.80060508
0.70208861,60.00000000,1.78447876
0.70962025,60.00000000,1.79842467
0.71715190,60.00000000,1.80897558
0.72468354,60.00000000,1.80213732
0.73221519,60.00000000,1.78179899
0.73974684,60.00000000,1.79167373
0.74727848,60.00000000,1.79357806
0.75481013,60.00000000,1.79780195
0.76234177,60.00000000,1.80815802
0.76987342,60.00000000,1.80501704
0.77740506,60.00000000,1.81040090
0.78493671,60.00000000,1.81766450
0.79246835,60.00000000,1.81045544
0.80000000,60.00000000,1.81029266
0.00000000,120.00000000,0.08292519
0.00050633,120.00000000,0.15742317
0.00101266,120.00000000,0.23785491
0.00151899,120.00000000,0.29874978
0.00202532,120.00000000,0.34662128
0.00253165,120.00000000,0.39328984
0.00303797,120.00000000,0.44199771
0.00354430,120.00000000,0.49540170
0.00405063,120.00000000,0.50450869
0.00455696,120.00000000,0.54466006
0.00506329,120.00000000,0.55861308
0.00556962,120.00000000,0.58373965
0.00607595,120.00000000,0.59661238
0.00658228,120.00000000,0.61314304
0.00708861,120.00000000,0.63416209
0.00759494,120.00000000,0.64438671
0.00810127,120.00000000,0.66523344
0.00860759,120.00000000,0.67186293
0.00911392,120.00000000,0.68095315
0.00962025,120.00000000,0.69745201
0.01012658,120.00000000,0.69520439
0.01063291,120.00000000,0.70002316
0.01113924,120.00000000,0.70894699
0.01164557,120.00000000,0.71887444
0.01215190,120.00000000,0.73009664
0.01265823,120.00000000,0.73152554
0.01316456,120.00000000,0.72785825
0.01367089,120.00000000,0.72440169
0.01417722,120.00000000,0.75247885
0.01468354,120.00000000,0.74143856
0.01518987,120.00000000,0.74559199
0.01569620,120.00000000,0.76424016
0.01620253,120.00000000,0.74989223
0.01670886,120.00000000,0.75337580
0.01721519,120.00000000,0.78283621
0.01772152,120.00000000,0.77353838
0.01822785,120.00000000,0.76108320
0.01873418,120.00000000,0.77991870
0.01924051,120.00000000,0.77747047
0.01974684,120.00000000,0.79554123
0.02025316,120.00000000,0.80289766
0.02075949,120.00000000,0.80578761
0.02126582,120.00000000,0.80773288
0.02177215,120.00000000,0.80297459
0.02227848,120.00000000,0.79511220
0.02278481,120.00000000,0.80323893
0.02329114,120.00000000,0.82145907
0.02379747,120.00000000,0.81220537
0.02430380,120.00000000,0.82129236
0.02481013,120.00000000,0.80881106
0.02531646,120.00000000,0.82376932
0.02582278,120.00000000,0.83920016
0.02632911,120.00000000,0.85987667
0.02683544,120.00000000,0.83617958
0.02734177,120.00000000,0.84650263
0.02784810,120.00000000,0.85386793
0.02835443,120.00000000,0.83980296
0.02886076,120.00000000,0.85929123
0.02936709,120.00000000,0.85935062
0.02987342,120.00000000,0.84287660
0.03037975,120.00000000,0.87262298
0.03088608,120.00000000,0.85790254
0.03139241,120.00000000,0.86026856
0.03189873,120.00000000,0.87606576
0.03240506,120.00000000,0.87932014
0.03291139,120.00000000,0.86612879
0.03341772,120.00000000,0.88910840
0.03392405,120.00000000,0.87628852
0.03443038,120.00000000,0.86935403
0.03493671,120.00000000,0.89620526
0.03544304,120.00000000,0.89456493
0.03594937,120.00000000,0.89534739
0.03645570,120.00000000,0.89161861
0.03696203,120.00000000,0.92909613
0.03746835,120.00000000,0.89623744
0.03797468,120.00000000,0.90798021
0.03848101,120.00000000,0.92230719
0.03898734,120.00000000,0.91526690
0.03949367,120.00000000,0.89119040
0.04000000,120.00000000,0.92759189
0.04200000,120.00000000,0.92664993
0.04400000,120.00000000,0.95013287
0.04600000,120.00000000,0.96428677
0.04800000,120.00000000,0.97194930
0.05000000,120.00000000,0.97754078
0.05200000,120.00000000,0.98975185
0.05400000,120.00000000,0.98312290
0.05600000,120.00000000,0.99312996
0.05800000,120.00000000,1.02567355
0.06000000,120.00000000,1.02089577
0.06200000,120.00000000,1.03674247
0.06400000,120.00000000,1.05979503
0.06600000,120.00000000,1.06616016
0.06800000,120.00000000,1.07414378
0.07000000,120.00000000,1.08576749
0.07200000,120.00000000,1.07748618
0.07400000,120.00000000,1.10494071
0.07600000,120.00000000,1.12595082
0.07800000,120.00000000,1.12384408
0.08000000,120.00000000,1.11588126
0.08200000,120.00000000,1.13428659
0.08400000,120.00000000,1.13900743
0.08600000,120.00000000,1.14768865
0.08800000,120.00000000,1.17544322
0.09000000,120.00000000,1.17035012
0.09200000,120.00000000,1.18943030
0.09400000,120.00000000,1.20486209
0.09600000,120.00000000,1.20953144
0.09800000,120.00000000,1.20765545
0.10000000,120.00000000,1.22380628
0.10200000,120.00000000,1.21633952
0.10400000,120.00000000,1.22879519
0.10600000,120.00000000,1.25554672
0.10800000,120.00000000,1.23584552
0.11000000,120.00000000,1.25751661
0.11200000,120.00000000,1.26541139
0.11400000,120.00000000,1.29276326
0.11600000,120.00000000,1.26073876
0.11800000,120.00000000,1.28226005
0.12000000,120.00000000,1.26300574
0.12200000,120.00000000,1.29539399
0.12400000,120.00000000,1.30348595
0.12600000,120.00000000,1.30857236
0.12800000,120.00000000,1.29638233
0.13000000,120.00000000,1.33266892
0.13200000,120.00000000,1.34423174
0.13400000,120.00000000,1.31679596
0.13600000,120.00000000,1.33721283
0.13800000,120.00000000,1.33066309
0.14000000,120.00000000,1.36140150
0.14200000,120.00000000,1.36207260
0.14400000,120.00000000,1.36967749
0.14600000,120.00000000,1.37143516
0.14800000,120.00000000,1.39160577
0.15000000,120.00000000,1.37406085
0.15200000,120.00000000,1.37264860
0.15400000,120.00000000,1.38960732
0.15600000,120.00000000,1.39221606
0.15800000,120.00000000,1.40841679
0.16000000,120.00000000,1.40395438
0.16200000,120.00000000,1.41461654
0.16400000,120.00000000,1.41328660
0.16600000,120.00000000,1.43841535
0.16800000,120.00000000,1.41926024
0.17000000,120.00000000,1.41119205
0.17200000,120.00000000,1.43332590
0.17400000,120.00000000,1.46825198
0.17600000,120.00000000,1.44909146
0.17800000,120.00000000,1.45712786
0.18000000,120.00000000,1.46200701
0.18200000,120.00000000,1.46334566
0.18400000,120.00000000,1.47453840
0.18600000,120.00000000,1.46541630
0.18800000,120.00000000,1.47526858
0.19000000,120.00000000,1.49040787
0.19200000,120.00000000,1.49024630
0.19400000,120.00000000,1.50402383
0.19600000,120.00000000,1.49530176
0.19800000,120.00000000,1.49344668
0.20000000,120.00000000,1.48456515
0.20500000,120.00000000,1.50630808
0.21253165,120.00000000,1.53408486
0.22006329,120.00000000,1.54912164
0.22759494,120.00000000,1.54843057
0.23512658,120.00000000,1.55891558
0.24265823,120.00000000,1.59251614
0.25018987,120.00000000,1.57410317
0.25772152,120.00000000,1.58983374
0.26525316,120.00000000,1.61282866
0.27278481,120.00000000,1.61871170
0.28031646,120.00000000,1.65241971
0.28784810,120.00000000,1.63086771
0.29537975,120.00000000,1.63109222
0.30291139,120.00000000,1.66225629
0.31044304,120.00000000,1.66499461
0.31797468,120.00000000,1.65509105
0.32550633,120.00000000,1.68226107
0.33303797,120.00000000,1.67623153
0.34056962,120.00000000,1.69687951
0.34810127,120.00000000,1.69253471
0.35563291,120.00000000,1.70219491
0.36316456,120.00000000,1.70638373
0.37069620,120.00000000,1.70110564
0.37822785,120.00000000,1.73360533
0.38575949,120.00000000,1.72517289
0.39329114,120.00000000,1.73813665
0.40082278,120.00000000,1.72320260
0.40835443,120.00000000,1.72618898
0.41588608,120.00000000,1.75062838
0.42341772,120.00000000,1.73382686
0.43094937,120.00000000,1.73166270
0.43848101,120.00000000,1.74929144
0.44601266,120.00000000,1.75379291
0.45354430,120.00000000,1.76434814
0.46107595,120.00000000,1.75967111
0.46860759,120.00000000,1.74656487
0.47613924,120.00000000,1.76072433
0.48367089,120.00000000,1.76309678
0.49120253,120.00000000,1.76338547
0.49873418,120.00000000,1.75098942
0.50626582,120.00000000,1.77410859
0.51379747,120.00000000,1.75024230
0.52132911,120.00000000,1.76950194
0.52886076,120.00000000,1.76998316
0.53639241,120.00000000,1.76333847
0.54392405,120.00000000,1.79263307
0.55145570,120.00000000,1.77643765
0.55898734,120.00000000,1.78055752
0.56651899,120.00000000,1.77391574
0.57405063,120.00000000,1.78314437
0.58158228,120.00000000,1.77531695
0.58911392,120.00000000,1.77164903
0.59664557,120.00000000,1.77818416
0.60417722,120.00000000,1.77451429
0.61170886,120.00000000,1.76734134
0.61924051,120.00000000,1.77844452
0.62677215,120.00000000,1.78202373
0.63430380,120.00000000,1.77564086
0.64183544,120.00000000,1.80069603
0.64936709,120.00000000,1.77071371
0.65689873,120.00000000,1.78457663
0.66443038,120.00000000,1.78532582
0.67196203,120.00000000,1.78219701
0.67949367,120.00000000,1.80547806
0.68702532,120.00000000,1.77803278
0.69455696,120.00000000,1.80052003
0.70208861,120.00000000,1.79376787
0.70962025,120.00000000,1.81133642
0.71715190,120.00000000,1.78419165
0.72468354,120.00000000,1.79889025
0.73221519,120.00000000,1.79458918
0.73974684,120.00000000,1.79497370
0.74727848,120.00000000,1.80187913
0.75481013,120.00000000,1.80031788
0.76234177,120.00000000,1.80834935
0.76987342,120.00000000,1.77903341
0.77740506,120.00000000,1.80371520
0.78493671,120.00000000,1.81937123
0.79246835,120.00000000,1.78634319
0.80000000,120.00000000,1.80429249
0.00000000,240.00000000,0.08082356
0.00050633,240.00000000,0.23666375
0.00101266,240.00000000,0.35157892
0.00151899,240.00000000,0.44231900
0.00202532,240.00000000,0.51555893
0.00253165,240.00000000,0.57016802
0.00303797,240.00000000,0.59185408
0.00354430,240.00000000,0.65414852
0.00405063,240.00000000,0.65996756
0.00455696,240.00000000,0.66754705
0.00506329,240.00000000,0.68293825
0.00556962,240.00000000,0.70004029
0.00607595,240.00000000,0.70805413
0.00658228,240.00000000,0.71255418
0.00708861,240.00000000,0.73113131
0.00759494,240.00000000,0.70883392
0.00810127,240.00000000,0.73058177
0.00860759,240.00000000,0.75473879
0.00911392,240.00000000,0.74506195
0.00962025,240.00000000,0.75587919
0.01012658,240.00000000,0.75512148
0.01063291,240.00000000,0.76918807
0.01113924,240.00000000,0.77303714
0.01164557,240.00000000,0.75677258
0.01215190,240.00000000,0.78880197
0.01265823,240.00000000,0.76360075
0.01316456,240.00000000,0.77671541
0.01367089,240.00000000,0.76943878
0.01417722,240.00000000,0.77423335
0.01468354,240.00000000,0.78471237
0.01518987,240.00000000,0.79300048
0.01569620,240.00000000,0.81032553
0.01620253,240.00000000,0.81287452
0.01670886,240.00000000,0.81534011
0.01721519,240.00000000,0.81548676
0.01772152,240.00000000,0.79061114
0.01822785,240.00000000,0.80348138
0.01873418,240.00000000,0.82947435
0.01924051,240.00000000,0.80742517
0.01974684,240.00000000,0.83697595
0.02025316,240.00000000,0.81189580
0.02075949,240.00000000,0.83247346
0.02126582,240.00000000,0.83367996
0.02177215,240.00000000,0.83551724
0.02227848,240.00000000,0.85228970
0.02278481,240.00000000,0.83652870
0.02329114,240.00000000,0.84676978
0.02379747,240.00000000,0.84876380
0.02430380,240.00000000,0.85368244
0.02481013,240.00000000,0.86409108
0.02531646,240.00000000,0.84193038
0.02582278,240.00000000,0.85083917
0.02632911,240.00000000,0.85593225
0.02683544,240.00000000,0.86826358
0.02734177,240.00000000,0.88387155
0.02784810,240.00000000,0.88120618
0.02835443,240.00000000,0.89466144
0.02886076,240.00000000,0.87892511
0.02936709,240.00000000,0.88300957
0.02987342,240.00000000,0.88286482
0.03037975,240.00000000,0.88691453
0.03088608,240.00000000,0.88844247
0.03139241,240.00000000,0.90444400
0.03189873,240.00000000,0.90748925
0.03240506,240.00000000,0.89022743
0.03291139,240.00000000,0.92029361
0.03341772,240.00000000,0.91164941
0.03392405,240.00000000,0.90163362
0.03443038,240.00000000,0.92622824
0.03493671,240.00000000,0.90818506
0.03544304,240.00000000,0.91882748
0.03594937,240.00000000,0.93100726
0.03645570,240.00000000,0.93087420
0.03696203,240.00000000,0.93623173
0.03746835,240.00000000,0.92073660
0.03797468,240.00000000,0.93150883
0.03848101,240.00000000,0.92450656
0.03898734,240.00000000,0.94825183
0.03949367,240.00000000,0.95533045
0.04000000,240.00000000,0.96085414
0.04200000,240.00000000,0.93495356
0.04400000,240.00000000,0.97809997
0.04600000,240.00000000,0.96921230
0.04800000,240.00000000,0.99953252
0.05000000,240.00000000,1.01506421
0.05200000,240.00000000,1.02957493
0.05400000,240.00000000,1.02247481
0.05600000,240.00000000,1.04014473
0.05800000,240.00000000,1.04334528
0.06000000,240.00000000,1.07368169
0.06200000,240.00000000,1.07665512
0.06400000,240.00000000,1.08638717
0.06600000,240.00000000,1.09394494
0.06800000,240.00000000,1.09431015
0.07000000,240.00000000,1.11095431
0.07200000,240.00000000,1.10559080
0.07400000,240.00000000,1.13738810
0.07600000,240.00000000,1.14303861
0.07800000,240.00000000,1.14783315
0.08000000,240.00000000,1.15269251
0.08200000,240.00000000,1.17695411
0.08400000,240.00000000,1.17084011
0.08600000,240.00000000,1.19005371
0.08800000,240.00000000,1.19945280
0.09000000,240.00000000,1.20656435
0.09200000,240.00000000,1.22157275
0.09400000,240.00000000,1.21333248
0.09600000,240.00000000,1.24350277
0.09800000,240.00000000,1.24008706
0.10000000,240.00000000,1.22545038
0.10200000,240.00000000,1.25141801
0.10400000,240.00000000,1.25474772
0.10600000,240.00000000,1.26180637
0.10800000,240.00000000,1.26906497
0.11000000,240.00000000,1.27809000
0.11200000,240.00000000,1.30560422
0.11400000,240.00000000,1.29380508
0.11600000,240.00000000,1.29900151
0.11800000,240.00000000,1.30484493
0.12000000,240.00000000,1.32047592
0.12200000,240.00000000,1.32170742
0.12400000,240.00000000,1.33359619
0.12600000,240.00000000,1.31828192
0.12800000,240.00000000,1.35537447
0.13000000,240.00000000,1.34288924
0.13200000,240.00000000,1.35144115
0.13400000,240.00000000,1.36227744
0.13600000,240.00000000,1.36021534
0.13800000,240.00000000,1.36692559
0.14000000,240.00000000,1.37532193
0.14200000,240.00000000,1.38254009
0.14400000,240.00000000,1.38374891
0.14600000,240.00000000,1.40915822
0.14800000,240.00000000,1.40030497
0.15000000,240.00000000,1.39619024
0.15200000,240.00000000,1.41576636
0.15400000,240.00000000,1.42145309
0.15600000,240.00000000,1.43040917
0.15800000,240.00000000,1.41092932
0.16000000,240.00000000,1.42797135
0.16200000,240.00000000,1.44253498
0.16400000,240.00000000,1.43523933
0.16600000,240.00000000,1.45353499
0.16800000,240.00000000,1.43307573
0.17000000,240.00000000,1.45529178
0.17200000,240.00000000,1.45815228
0.17400000,240.00000000,1.46189721
0.17600000,240.00000000,1.50227759
0.17800000,240.00000000,1.47773016
0.18000000,240.00000000,1.49463325
0.18200000,240.00000000,1.48782342
0.18400000,240.00000000,1.48842591
0.18600000,240.00000000,1.49360250
0.18800000,240.00000000,1.50461121
0.19000000,240.00000000,1.50990680
0.19200000,240.00000000,1.51297851
0.19400000,240.00000000,1.48794799
0.19600000,240.00000000,1.51263231
0.19800000,240.00000000,1.51632309
0.20000000,240.00000000,1.52017816
0.20500000,240.00000000,1.54363127
0.21253165,240.00000000,1.56720470
0.22006329,240.00000000,1.55380146
0.22759494,240.00000000,1.58337866
0.23512658,240.00000000,1.57705594
0.24265823,240.00000000,1.60154990
0.25018987,240.00000000,1.62230047
0.25772152,240.00000000,1.61174772
0.26525316,240.00000000,1.61973544
0.27278481,240.00000000,1.64362462
0.28031646,240.00000000,1.64711662
0.28784810,240.00000000,1.63192109
0.29537975,240.00000000,1.67290500
0.30291139,240.00000000,1.66357201
0.31044304,240.00000000,1.64745180
0.31797468,240.00000000,1.67829250
0.32550633,240.00000000,1.68193810
0.33303797,240.00000000,1.69354864
0.34056962,240.00000000,1.68489656
0.34810127,240.00000000,1.70062042
0.35563291,240.00000000,1.69442258
0.36316456,240.00000000,1.70864666
0.37069620,240.00000000,1.72568493
0.37822785,240.00000000,1.73318999
0.38575949,240.00000000,1.73151391
0.39329114,240.00000000,1.73883803
0.40082278,240.00000000,1.72394650
0.40835443,240.00000000,1.72005333
0.41588608,240.00000000,1.73875855
0.42341772,240.00000000,1.75456586
0.43094937,240.00000000,1.75289673
0.43848101,240.00000000,1.74078885
0.44601266,240.00000000,1.75826421
0.45354430,240.00000000,1.73653603
0.46107595,240.00000000,1.75407425
0.46860759,240.00000000,1.76016712
0.47613924,240.00000000,1.74817053
0.48367089,240.00000000,1.77517700
0.49120253,240.00000000,1.75247367
0.49873418,240.00000000,1.76983880
0.50626582,240.00000000,1.77167231
0.51379747,240.00000000,1.76782150
0.52132911,240.00000000,1.77447115
0.52886076,240.00000000,1.78954535
0.53639241,240.00000000,1.77273047
0.54392405,240.00000000,1.78838268
0.55145570,240.00000000,1.77941980
0.55898734,240.00000000,1.78502306
0.56651899,240.00000000,1.79787149
0.57405063,240.00000000,1.79444468
0.58158228,240.00000000,1.79236177
0.58911392,240.00000000,1.78427870
0.59664557,240.00000000,1.79216645
0.60417722,240.00000000,1.78724397
0.61170886,240.00000000,1.79658538
0.61924051,240.00000000,1.79771586
0.62677215,240.00000000,1.77831466
0.63430380,240.00000000,1.78379128
0.64183544,240.00000000,1.77579496
0.64936709,240.00000000,1.79362877
0.65689873,240.00000000,1.77655757
0.66443038,240.00000000,1.80319806
0.67196203,240.00000000,1.80047054
0.67949367,240.00000000,1.79720608
0.68702532,240.00000000,1.80696467
0.69455696,240.00000000,1.79534402
0.70208861,240.00000000,1.78410037
0.70962025,240.00000000,1.79357659
0.71715190,240.00000000,1.79608077
0.72468354,240.00000000,1.80311838
0.73221519,240.00000000,1.81883731
0.73974684,240.00000000,1.77994114
0.74727848,240.00000000,1.79262901
0.75481013,240.00000000,1.80115063
0.76234177,240.00000000,1.79813999
0.76987342,240.00000000,1.80016916
0.77740506,240.00000000,1.80288726
0.78493671,240.00000000,1.81110253
0.79246835,240.00000000,1.80090941
0.80000000,240.00000000,1.80831616
